"","Year","Species","Site","cover_change_percent","mean_precip","mean_temp_C"
"1",1989,"Salix pulchra","TOOLIK",83.6317135549872,NA,NA
"2",1989,"Salix pulchra","TOOLIK",-13.4943181818184,NA,NA
"3",1989,"Salix pulchra","TOOLIK",-976.59574468085,NA,NA
"4",1989,"Salix pulchra","TOOLIK",95.6521739130435,NA,NA
"5",1989,"Salix pulchra","TOOLIK",-250,NA,NA
"6",1989,"Salix pulchra","TOOLIK",8.57142857142848,NA,NA
"7",1989,"Salix pulchra","TOOLIK",61.4583333333333,NA,NA
"8",1989,"Salix pulchra","TOOLIK",-131.081081081081,NA,NA
"9",1989,"Salix pulchra","TOOLIK",12.280701754386,NA,NA
"10",1989,"Salix pulchra","TOOLIK",-106.666666666667,NA,NA
"11",1989,"Salix pulchra","TOOLIK",-12.2580645161291,NA,NA
"12",1989,"Salix pulchra","TOOLIK",77.3706896551724,NA,NA
"13",1989,"Salix pulchra","TOOLIK",-128.571428571428,NA,NA
"14",1989,"Salix pulchra","TOOLIK",6.06060606060604,NA,NA
"15",1989,"Salix pulchra","TOOLIK",-63.2258064516133,NA,NA
"16",1989,"Salix pulchra","TOOLIK",-25,NA,NA
"17",1989,"Salix pulchra","TOOLIK",-317.391304347827,NA,NA
"18",1989,"Salix pulchra","TOOLIK",63.888888888889,NA,NA
"19",1989,"Salix pulchra","TOOLIK",90.034965034965,NA,NA
"20",1989,"Salix pulchra","TOOLIK",-392.105263157897,NA,NA
"21",1989,"Salix pulchra","TOOLIK",-10.5882352941175,NA,NA
"22",1989,"Salix pulchra","TOOLIK",46.808510638298,NA,NA
"23",1989,"Salix pulchra","TOOLIK",-120,NA,NA
"24",1989,"Salix pulchra","TOOLIK",-131.818181818182,NA,NA
"25",1989,"Salix pulchra","TOOLIK",-80.3921568627452,NA,NA
"26",1989,"Salix pulchra","TOOLIK",71.195652173913,NA,NA
"27",1989,"Salix pulchra","TOOLIK",37.1069182389937,NA,NA
"28",1989,"Salix pulchra","TOOLIK",-500,NA,NA
"29",1989,"Salix pulchra","TOOLIK",81.6,NA,NA
"30",1989,"Salix pulchra","TOOLIK",-110.144927536232,NA,NA
"31",1989,"Salix pulchra","TOOLIK",73.1974921630094,NA,NA
"32",1989,"Salix pulchra","TOOLIK",-8.77192982456127,NA,NA
"33",1989,"Salix pulchra","TOOLIK",-467.741935483872,NA,NA
"34",1989,"Salix pulchra","TOOLIK",21.875,NA,NA
"35",1989,"Salix pulchra","TOOLIK",71.111111111111,NA,NA
"36",1989,"Salix pulchra","TOOLIK",-69.6153846153841,NA,NA
"37",1989,"Salix pulchra","TOOLIK",77.687074829932,NA,NA
"38",1989,"Salix pulchra","TOOLIK",-1034.14634146341,NA,NA
"39",1989,"Salix pulchra","TOOLIK",52.6881720430108,NA,NA
"40",1989,"Salix pulchra","TOOLIK",54.8295454545454,NA,NA
"41",1990,"Salix pulchra","TOOLIK",84.3181818181818,NA,NA
"42",1990,"Salix pulchra","TOOLIK",-37.6811594202896,NA,NA
"43",1990,"Salix pulchra","TOOLIK",-45.2631578947371,NA,NA
"44",1990,"Salix pulchra","TOOLIK",-135.507246376811,NA,NA
"45",1990,"Salix pulchra","TOOLIK",26.1538461538461,NA,NA
"46",1990,"Salix pulchra","TOOLIK",41.6666666666666,NA,NA
"47",1990,"Salix pulchra","TOOLIK",-50,NA,NA
"48",1990,"Salix pulchra","TOOLIK",51.5873015873016,NA,NA
"49",1990,"Salix pulchra","TOOLIK",18.0327868852459,NA,NA
"50",1990,"Salix pulchra","TOOLIK",-524.000000000001,NA,NA
"51",1990,"Salix pulchra","TOOLIK",41.3461538461539,NA,NA
"52",1990,"Salix pulchra","TOOLIK",93.7406855439642,NA,NA
"53",1990,"Salix pulchra","TOOLIK",-947.619047619048,NA,NA
"54",1990,"Salix pulchra","TOOLIK",55,NA,NA
"55",1990,"Salix pulchra","TOOLIK",-566.666666666665,NA,NA
"56",1990,"Salix pulchra","TOOLIK",81.1111111111111,NA,NA
"57",1990,"Salix pulchra","TOOLIK",-54.4117647058825,NA,NA
"58",1990,"Salix pulchra","TOOLIK",-185.714285714285,NA,NA
"59",1990,"Salix pulchra","TOOLIK",27,NA,NA
"60",1990,"Salix pulchra","TOOLIK",-78.0821917808217,NA,NA
"61",1990,"Salix pulchra","TOOLIK",71.7948717948717,NA,NA
"62",1990,"Salix pulchra","TOOLIK",87.012987012987,NA,NA
"63",1990,"Salix pulchra","TOOLIK",-950,NA,NA
"64",1990,"Salix pulchra","TOOLIK",-160,NA,NA
"65",1990,"Salix pulchra","TOOLIK",86.8131868131868,NA,NA
"66",1990,"Salix pulchra","TOOLIK",-471.666666666669,NA,NA
"67",1990,"Salix pulchra","TOOLIK",96.7532467532468,NA,NA
"68",1990,"Salix pulchra","TOOLIK",-1911.42857142857,NA,NA
"69",1990,"Salix pulchra","TOOLIK",-96.8749999999997,NA,NA
"70",1990,"Salix pulchra","TOOLIK",51.5873015873014,NA,NA
"71",1990,"Salix pulchra","TOOLIK",-54.0983606557372,NA,NA
"72",1990,"Salix pulchra","TOOLIK",-4.25531914893652,NA,NA
"73",1990,"Salix pulchra","TOOLIK",-26.530612244898,NA,NA
"74",1990,"Salix pulchra","TOOLIK",94.1687344913151,NA,NA
"75",1994,"Salix pulchra","TOOLIK",61.6071428571429,NA,NA
"76",1994,"Salix pulchra","TOOLIK",-120.93023255814,NA,NA
"77",1994,"Salix pulchra","TOOLIK",50.8771929824562,NA,NA
"78",1994,"Salix pulchra","TOOLIK",-8.97959183673471,NA,NA
"79",1994,"Salix pulchra","TOOLIK",0.898876404494467,NA,NA
"80",1995,"Salix pulchra","TOOLIK",95.75,NA,NA
"81",1995,"Salix pulchra","TOOLIK",-38.2868937048502,NA,NA
"82",1995,"Salix pulchra","TOOLIK",10.8742004264391,NA,NA
"83",1995,"Salix pulchra","TOOLIK",-96.6942148760329,NA,NA
"84",1995,"Salix pulchra","TOOLIK",11.7647058823527,NA,NA
"85",1995,"Salix pulchra","TOOLIK",39.1666666666669,NA,NA
"86",1995,"Salix pulchra","TOOLIK",13.1345688960514,NA,NA
"87",1995,"Salix pulchra","TOOLIK",-281.632653061224,NA,NA
"88",1995,"Salix pulchra","TOOLIK",-545.454545454546,NA,NA
"89",1995,"Salix pulchra","TOOLIK",90.4225352112676,NA,NA
"90",1995,"Salix pulchra","TOOLIK",-64.2156862745101,NA,NA
"91",1995,"Salix pulchra","TOOLIK",55.8635394456291,NA,NA
"92",1995,"Salix pulchra","TOOLIK",-24.2753623188408,NA,NA
"93",1995,"Salix pulchra","TOOLIK",-128.571428571429,NA,NA
"94",1995,"Salix pulchra","TOOLIK",-207.142857142857,NA,NA
"95",1995,"Salix pulchra","TOOLIK",55.2325581395349,NA,NA
"96",1995,"Salix pulchra","TOOLIK",-201.298701298702,NA,NA
"97",1995,"Salix pulchra","TOOLIK",50.0000000000001,NA,NA
"98",1995,"Salix pulchra","TOOLIK",64.1379310344827,NA,NA
"99",1995,"Salix pulchra","TOOLIK",77.5641025641026,NA,NA
"100",1995,"Salix pulchra","TOOLIK",-216.071428571429,NA,NA
"101",1995,"Salix pulchra","TOOLIK",22.3420647149463,NA,NA
"102",1995,"Salix pulchra","TOOLIK",-51.3227513227522,NA,NA
"103",1995,"Salix pulchra","TOOLIK",-373.076923076922,NA,NA
"104",1995,"Salix pulchra","TOOLIK",-78.0487804878047,NA,NA
"105",1995,"Salix pulchra","TOOLIK",87.4755381604697,NA,NA
"106",1995,"Salix pulchra","TOOLIK",16.1458333333336,NA,NA
"107",1995,"Salix pulchra","TOOLIK",-526.086956521742,NA,NA
"108",1995,"Salix pulchra","TOOLIK",53.4722222222223,NA,NA
"109",1995,"Salix pulchra","TOOLIK",56.503198294243,NA,NA
"110",1995,"Salix pulchra","TOOLIK",-131.617647058823,NA,NA
"111",1995,"Salix pulchra","TOOLIK",-37.7777777777778,NA,NA
"112",1995,"Salix pulchra","TOOLIK",71.505376344086,NA,NA
"113",1995,"Salix pulchra","TOOLIK",20.7547169811324,NA,NA
"114",1995,"Salix pulchra","TOOLIK",-146.428571428572,NA,NA
"115",1995,"Salix pulchra","TOOLIK",-62.3188405797101,NA,NA
"116",1995,"Salix pulchra","TOOLIK",42.8571428571429,NA,NA
"117",1995,"Salix pulchra","TOOLIK",-18.7500000000001,NA,NA
"118",1995,"Salix pulchra","TOOLIK",72.1052631578948,NA,NA
"119",1995,"Salix pulchra","TOOLIK",-1126.41509433962,NA,NA
"120",1995,"Salix pulchra","TOOLIK",61.5384615384615,NA,NA
"121",1995,"Salix pulchra","TOOLIK",13.3333333333334,NA,NA
"122",1995,"Salix pulchra","TOOLIK",64.8076923076924,NA,NA
"123",1996,"Salix pulchra","TOOLIK",-64.9717514124293,NA,NA
"124",1996,"Salix pulchra","TOOLIK",63.4703196347032,NA,NA
"125",1996,"Salix pulchra","TOOLIK",-46.25,NA,NA
"126",1996,"Salix pulchra","TOOLIK",-184.615384615385,NA,NA
"127",1996,"Salix pulchra","TOOLIK",86.2407862407862,NA,NA
"128",1996,"Salix pulchra","TOOLIK",24.8949579831936,NA,NA
"129",1996,"Salix pulchra","TOOLIK",-83.0769230769232,NA,NA
"130",1996,"Salix pulchra","TOOLIK",-914.285714285717,NA,NA
"131",1996,"Salix pulchra","TOOLIK",19.718309859155,NA,NA
"132",1996,"Salix pulchra","TOOLIK",63.1578947368421,NA,NA
"133",1996,"Salix pulchra","TOOLIK",42.8571428571429,NA,NA
"134",1996,"Salix pulchra","TOOLIK",-416.666666666667,NA,NA
"135",1996,"Salix pulchra","TOOLIK",39.5161290322582,NA,NA
"136",1996,"Salix pulchra","TOOLIK",85.3333333333333,NA,NA
"137",1996,"Salix pulchra","TOOLIK",-32.2314049586778,NA,NA
"138",1996,"Salix pulchra","TOOLIK",-170.416666666666,NA,NA
"139",1996,"Salix pulchra","TOOLIK",26.2711864406779,NA,NA
"140",1996,"Salix pulchra","TOOLIK",-33.3333333333333,NA,NA
"141",1996,"Salix pulchra","TOOLIK",-39.6551724137933,NA,NA
"142",1996,"Salix pulchra","TOOLIK",39.5061728395063,NA,NA
"143",1996,"Salix pulchra","TOOLIK",-310.204081632652,NA,NA
"144",1996,"Salix pulchra","TOOLIK",96.472184531886,NA,NA
"145",1996,"Salix pulchra","TOOLIK",-2523.07692307693,NA,NA
"146",1996,"Salix pulchra","TOOLIK",24.193548387097,NA,NA
"147",1996,"Salix pulchra","TOOLIK",66.4893617021276,NA,NA
"148",1996,"Salix pulchra","TOOLIK",-293.650793650794,NA,NA
"149",1996,"Salix pulchra","TOOLIK",1.61290322580644,NA,NA
"150",1996,"Salix pulchra","TOOLIK",11.4754098360656,NA,NA
"151",1996,"Salix pulchra","TOOLIK",52.7777777777778,NA,NA
"152",1996,"Salix pulchra","TOOLIK",-3.92156862745089,NA,NA
"153",1996,"Salix pulchra","TOOLIK",-37.7358490566039,NA,NA
"154",1996,"Salix pulchra","TOOLIK",-61.6438356164382,NA,NA
"155",1996,"Salix pulchra","TOOLIK",40.6779661016949,NA,NA
"156",1996,"Salix pulchra","TOOLIK",91.25,NA,NA
"157",1996,"Salix pulchra","TOOLIK",-765.306122448979,NA,NA
"158",1996,"Salix pulchra","TOOLIK",-107.547169811321,NA,NA
"159",1996,"Salix pulchra","TOOLIK",82.1818181818182,NA,NA
"160",1996,"Salix pulchra","TOOLIK",-359.18367346939,NA,NA
"161",1996,"Salix pulchra","TOOLIK",28.888888888889,NA,NA
"162",1996,"Salix pulchra","TOOLIK",15.6249999999999,NA,NA
"163",1996,"Salix pulchra","TOOLIK",11.1111111111113,NA,NA
"164",1996,"Salix pulchra","TOOLIK",46.6666666666666,NA,NA
"165",1996,"Salix pulchra","TOOLIK",-146.09375,NA,NA
"166",1996,"Salix pulchra","TOOLIK",7.9365079365082,NA,NA
"167",1996,"Salix pulchra","TOOLIK",-86.2068965517246,NA,NA
"168",1996,"Salix pulchra","TOOLIK",90.9090909090909,NA,NA
"169",1996,"Salix pulchra","TOOLIK",-1203.70370370371,NA,NA
"170",1997,"Salix arctica","ANWR",29.7297297297296,NA,NA
"171",1997,"Salix arctica","ANWR",10.4166666666665,NA,NA
"172",1997,"Salix arctica","ANWR",-101.5503875969,NA,NA
"173",1997,"Salix arctica","ANWR",9.23076923076957,NA,NA
"174",1997,"Salix arctica","ANWR",8.47457627118658,NA,NA
"175",1997,"Salix arctica","ANWR",-750.000000000002,NA,NA
"176",1998,"Salix pulchra","TOOLIK",-11.9791666666667,9859,NA
"177",1998,"Salix pulchra","TOOLIK",-11.9791666666667,8375,NA
"178",1998,"Salix pulchra","TOOLIK",12.7906976744186,9859,NA
"179",1998,"Salix pulchra","TOOLIK",12.7906976744186,8375,NA
"180",2000,"Salix pulchra","TOOLIK",40.2912621359223,17874,8.55000000000001
"181",2000,"Salix pulchra","TOOLIK",40.2912621359223,16162,9.35000000000002
"182",2000,"Salix pulchra","TOOLIK",-17.0731707317074,17874,8.55000000000001
"183",2000,"Salix pulchra","TOOLIK",-17.0731707317074,16162,9.35000000000002
"184",2001,"Salix pulchra","TOOLIK",-46.8085106382983,12034,8.15000000000003
"185",2001,"Salix pulchra","TOOLIK",-46.8085106382983,11262,9.05000000000001
"186",2001,"Salix pulchra","TOOLIK",95.1449275362319,12034,8.15000000000003
"187",2001,"Salix pulchra","TOOLIK",95.1449275362319,11262,9.05000000000001
"188",2001,"Salix pulchra","TOOLIK",-47.2636815920395,12034,8.15000000000003
"189",2001,"Salix pulchra","TOOLIK",-47.2636815920395,11262,9.05000000000001
"190",2001,"Salix pulchra","TOOLIK",43.5957696827261,12034,8.15000000000003
"191",2001,"Salix pulchra","TOOLIK",43.5957696827261,11262,9.05000000000001
"192",2001,"Salix pulchra","TOOLIK",-356.919642857143,12034,8.15000000000003
"193",2001,"Salix pulchra","TOOLIK",-356.919642857143,11262,9.05000000000001
"194",2001,"Salix pulchra","TOOLIK",35.3308364544322,12034,8.15000000000003
"195",2001,"Salix pulchra","TOOLIK",35.3308364544322,11262,9.05000000000001
"196",2001,"Salix pulchra","TOOLIK",41.4695945945945,12034,8.15000000000003
"197",2001,"Salix pulchra","TOOLIK",41.4695945945945,11262,9.05000000000001
"198",2001,"Salix pulchra","TOOLIK",9.95670995670996,12034,8.15000000000003
"199",2001,"Salix pulchra","TOOLIK",9.95670995670996,11262,9.05000000000001
"200",2001,"Salix pulchra","TOOLIK",-273.846153846154,12034,8.15000000000003
"201",2001,"Salix pulchra","TOOLIK",-273.846153846154,11262,9.05000000000001
"202",2001,"Salix pulchra","TOOLIK",-375.308641975308,12034,8.15000000000003
"203",2001,"Salix pulchra","TOOLIK",-375.308641975308,11262,9.05000000000001
"204",2001,"Salix pulchra","TOOLIK",82.6839826839827,12034,8.15000000000003
"205",2001,"Salix pulchra","TOOLIK",82.6839826839827,11262,9.05000000000001
"206",2001,"Salix pulchra","TOOLIK",43.7499999999999,12034,8.15000000000003
"207",2001,"Salix pulchra","TOOLIK",43.7499999999999,11262,9.05000000000001
"208",2001,"Salix pulchra","TOOLIK",51.1111111111113,12034,8.15000000000003
"209",2001,"Salix pulchra","TOOLIK",51.1111111111113,11262,9.05000000000001
"210",2001,"Salix pulchra","TOOLIK",-63.6363636363635,12034,8.15000000000003
"211",2001,"Salix pulchra","TOOLIK",-63.6363636363635,11262,9.05000000000001
"212",2001,"Salix pulchra","TOOLIK",-3.03030303030319,12034,8.15000000000003
"213",2001,"Salix pulchra","TOOLIK",-3.03030303030319,11262,9.05000000000001
"214",2001,"Salix pulchra","TOOLIK",-53.6764705882351,12034,8.15000000000003
"215",2001,"Salix pulchra","TOOLIK",-53.6764705882351,11262,9.05000000000001
"216",2001,"Salix pulchra","TOOLIK",-336.842105263158,12034,8.15000000000003
"217",2001,"Salix pulchra","TOOLIK",-336.842105263158,11262,9.05000000000001
"218",2001,"Salix pulchra","TOOLIK",-61.4457831325298,12034,8.15000000000003
"219",2001,"Salix pulchra","TOOLIK",-61.4457831325298,11262,9.05000000000001
"220",2001,"Salix pulchra","TOOLIK",89.9253731343283,12034,8.15000000000003
"221",2001,"Salix pulchra","TOOLIK",89.9253731343283,11262,9.05000000000001
"222",2001,"Salix pulchra","TOOLIK",70.3703703703704,12034,8.15000000000003
"223",2001,"Salix pulchra","TOOLIK",70.3703703703704,11262,9.05000000000001
"224",2001,"Salix pulchra","TOOLIK",-286.363636363637,12034,8.15000000000003
"225",2001,"Salix pulchra","TOOLIK",-286.363636363637,11262,9.05000000000001
"226",2001,"Salix pulchra","TOOLIK",-94.1176470588229,12034,8.15000000000003
"227",2001,"Salix pulchra","TOOLIK",-94.1176470588229,11262,9.05000000000001
"228",2001,"Salix pulchra","TOOLIK",51.111111111111,12034,8.15000000000003
"229",2001,"Salix pulchra","TOOLIK",51.111111111111,11262,9.05000000000001
"230",2001,"Salix pulchra","TOOLIK",-162.499999999999,12034,8.15000000000003
"231",2001,"Salix pulchra","TOOLIK",-162.499999999999,11262,9.05000000000001
"232",2001,"Salix pulchra","TOOLIK",48.051948051948,12034,8.15000000000003
"233",2001,"Salix pulchra","TOOLIK",48.051948051948,11262,9.05000000000001
"234",2001,"Salix pulchra","TOOLIK",-36,12034,8.15000000000003
"235",2001,"Salix pulchra","TOOLIK",-36,11262,9.05000000000001
"236",2001,"Salix pulchra","TOOLIK",-71.5686274509802,12034,8.15000000000003
"237",2001,"Salix pulchra","TOOLIK",-71.5686274509802,11262,9.05000000000001
"238",2001,"Salix pulchra","TOOLIK",35.7142857142857,12034,8.15000000000003
"239",2001,"Salix pulchra","TOOLIK",35.7142857142857,11262,9.05000000000001
"240",2001,"Salix pulchra","TOOLIK",-60,12034,8.15000000000003
"241",2001,"Salix pulchra","TOOLIK",-60,11262,9.05000000000001
"242",2001,"Salix pulchra","TOOLIK",47.5,12034,8.15000000000003
"243",2001,"Salix pulchra","TOOLIK",47.5,11262,9.05000000000001
"244",2001,"Salix pulchra","TOOLIK",-26.984126984127,12034,8.15000000000003
"245",2001,"Salix pulchra","TOOLIK",-26.984126984127,11262,9.05000000000001
"246",2001,"Salix pulchra","TOOLIK",27.0833333333333,12034,8.15000000000003
"247",2001,"Salix pulchra","TOOLIK",27.0833333333333,11262,9.05000000000001
"248",2001,"Salix pulchra","TOOLIK",50.2857142857142,12034,8.15000000000003
"249",2001,"Salix pulchra","TOOLIK",50.2857142857142,11262,9.05000000000001
"250",2001,"Salix pulchra","TOOLIK",-72.413793103448,12034,8.15000000000003
"251",2001,"Salix pulchra","TOOLIK",-72.413793103448,11262,9.05000000000001
"252",2001,"Salix pulchra","TOOLIK",-30,12034,8.15000000000003
"253",2001,"Salix pulchra","TOOLIK",-30,11262,9.05000000000001
"254",2001,"Salix pulchra","TOOLIK",-27.6923076923076,12034,8.15000000000003
"255",2001,"Salix pulchra","TOOLIK",-27.6923076923076,11262,9.05000000000001
"256",2001,"Salix pulchra","TOOLIK",-52.6104417670684,12034,8.15000000000003
"257",2001,"Salix pulchra","TOOLIK",-52.6104417670684,11262,9.05000000000001
"258",2001,"Salix pulchra","TOOLIK",63.1578947368421,12034,8.15000000000003
"259",2001,"Salix pulchra","TOOLIK",63.1578947368421,11262,9.05000000000001
"260",2001,"Salix pulchra","TOOLIK",-532.142857142856,12034,8.15000000000003
"261",2001,"Salix pulchra","TOOLIK",-532.142857142856,11262,9.05000000000001
"262",2001,"Salix pulchra","TOOLIK",-37.2881355932203,12034,8.15000000000003
"263",2001,"Salix pulchra","TOOLIK",-37.2881355932203,11262,9.05000000000001
"264",2001,"Salix pulchra","TOOLIK",81.7901234567901,12034,8.15000000000003
"265",2001,"Salix pulchra","TOOLIK",81.7901234567901,11262,9.05000000000001
"266",2002,"Salix arctica","ANWR",62.3310023310024,6435,9.05000000000001
"267",2002,"Salix arctica","ANWR",-147.128712871287,6435,9.05000000000001
"268",2002,"Salix arctica","ANWR",12.2596153846154,6435,9.05000000000001
"269",2002,"Salix arctica","ANWR",-44.4444444444442,6435,9.05000000000001
"270",2002,"Salix arctica","ANWR",-368.493150684933,6435,9.05000000000001
"271",2002,"Salix arctica","ANWR",21.0526315789473,6435,9.05000000000001
"272",2002,"Salix pulchra","TOOLIK",-4.10958904109591,8387,8.15000000000003
"273",2002,"Salix pulchra","TOOLIK",-4.10958904109591,7948,9.15000000000003
"274",2002,"Salix pulchra","TOOLIK",35.6725146198829,8387,8.15000000000003
"275",2002,"Salix pulchra","TOOLIK",35.6725146198829,7948,9.15000000000003
"276",2002,"Salix pulchra","TOOLIK",-88.1818181818178,8387,8.15000000000003
"277",2002,"Salix pulchra","TOOLIK",-88.1818181818178,7948,9.15000000000003
"278",2002,"Salix pulchra","TOOLIK",-41.3043478260868,8387,8.15000000000003
"279",2002,"Salix pulchra","TOOLIK",-41.3043478260868,7948,9.15000000000003
"280",2002,"Salix pulchra","TOOLIK",-44.2307692307692,8387,8.15000000000003
"281",2002,"Salix pulchra","TOOLIK",-44.2307692307692,7948,9.15000000000003
"282",2002,"Salix pulchra","TOOLIK",67.9999999999999,8387,8.15000000000003
"283",2002,"Salix pulchra","TOOLIK",67.9999999999999,7948,9.15000000000003
"284",2002,"Salix pulchra","TOOLIK",51.2820512820512,8387,8.15000000000003
"285",2002,"Salix pulchra","TOOLIK",51.2820512820512,7948,9.15000000000003
"286",2002,"Salix pulchra","TOOLIK",-69.3421052631575,8387,8.15000000000003
"287",2002,"Salix pulchra","TOOLIK",-69.3421052631575,7948,9.15000000000003
"288",2002,"Salix pulchra","TOOLIK",-940.40404040404,8387,8.15000000000003
"289",2002,"Salix pulchra","TOOLIK",-940.40404040404,7948,9.15000000000003
"290",2002,"Salix pulchra","TOOLIK",89.1585760517799,8387,8.15000000000003
"291",2002,"Salix pulchra","TOOLIK",89.1585760517799,7948,9.15000000000003
"292",2002,"Salix pulchra","TOOLIK",-329.850746268657,8387,8.15000000000003
"293",2002,"Salix pulchra","TOOLIK",-329.850746268657,7948,9.15000000000003
"294",2002,"Salix pulchra","TOOLIK",86.0119047619048,8387,8.15000000000003
"295",2002,"Salix pulchra","TOOLIK",86.0119047619048,7948,9.15000000000003
"296",2002,"Salix pulchra","TOOLIK",-562.765957446807,8387,8.15000000000003
"297",2002,"Salix pulchra","TOOLIK",-562.765957446807,7948,9.15000000000003
"298",2002,"Salix pulchra","TOOLIK",83.7881219903692,8387,8.15000000000003
"299",2002,"Salix pulchra","TOOLIK",83.7881219903692,7948,9.15000000000003
"300",2002,"Salix pulchra","TOOLIK",-13.4113411341139,8387,8.15000000000003
"301",2002,"Salix pulchra","TOOLIK",-13.4113411341139,7948,9.15000000000003
"302",2002,"Salix pulchra","TOOLIK",-90.6666666666663,8387,8.15000000000003
"303",2002,"Salix pulchra","TOOLIK",-90.6666666666663,7948,9.15000000000003
"304",2002,"Salix pulchra","TOOLIK",-265.384615384616,8387,8.15000000000003
"305",2002,"Salix pulchra","TOOLIK",-265.384615384616,7948,9.15000000000003
"306",2002,"Salix pulchra","TOOLIK",60.9649122807018,8387,8.15000000000003
"307",2002,"Salix pulchra","TOOLIK",60.9649122807018,7948,9.15000000000003
"308",2002,"Salix pulchra","TOOLIK",39.6468699839487,8387,8.15000000000003
"309",2002,"Salix pulchra","TOOLIK",39.6468699839487,7948,9.15000000000003
"310",2002,"Salix pulchra","TOOLIK",21.3947990543735,8387,8.15000000000003
"311",2002,"Salix pulchra","TOOLIK",21.3947990543735,7948,9.15000000000003
"312",2002,"Salix pulchra","TOOLIK",-98.9473684210528,8387,8.15000000000003
"313",2002,"Salix pulchra","TOOLIK",-98.9473684210528,7948,9.15000000000003
"314",2002,"Salix pulchra","TOOLIK",-314.285714285715,8387,8.15000000000003
"315",2002,"Salix pulchra","TOOLIK",-314.285714285715,7948,9.15000000000003
"316",2002,"Salix pulchra","TOOLIK",97.0669837495046,8387,8.15000000000003
"317",2002,"Salix pulchra","TOOLIK",97.0669837495046,7948,9.15000000000003
"318",2002,"Salix pulchra","TOOLIK",-693.581081081081,8387,8.15000000000003
"319",2002,"Salix pulchra","TOOLIK",-693.581081081081,7948,9.15000000000003
"320",2002,"Salix pulchra","TOOLIK",-383.950617283949,8387,8.15000000000003
"321",2002,"Salix pulchra","TOOLIK",-383.950617283949,7948,9.15000000000003
"322",2002,"Salix pulchra","TOOLIK",84.1836734693877,8387,8.15000000000003
"323",2002,"Salix pulchra","TOOLIK",84.1836734693877,7948,9.15000000000003
"324",2002,"Salix pulchra","TOOLIK",-34.1935483870968,8387,8.15000000000003
"325",2002,"Salix pulchra","TOOLIK",-34.1935483870968,7948,9.15000000000003
"326",2002,"Salix pulchra","TOOLIK",-226.923076923077,8387,8.15000000000003
"327",2002,"Salix pulchra","TOOLIK",-226.923076923077,7948,9.15000000000003
"328",2002,"Salix pulchra","TOOLIK",51.9607843137254,8387,8.15000000000003
"329",2002,"Salix pulchra","TOOLIK",51.9607843137254,7948,9.15000000000003
"330",2002,"Salix pulchra","TOOLIK",10.204081632653,8387,8.15000000000003
"331",2002,"Salix pulchra","TOOLIK",10.204081632653,7948,9.15000000000003
"332",2002,"Salix pulchra","TOOLIK",50.8116883116883,8387,8.15000000000003
"333",2002,"Salix pulchra","TOOLIK",50.8116883116883,7948,9.15000000000003
"334",2002,"Salix pulchra","TOOLIK",-124.092409240924,8387,8.15000000000003
"335",2002,"Salix pulchra","TOOLIK",-124.092409240924,7948,9.15000000000003
"336",2002,"Salix pulchra","TOOLIK",22.680412371134,8387,8.15000000000003
"337",2002,"Salix pulchra","TOOLIK",22.680412371134,7948,9.15000000000003
"338",2002,"Salix pulchra","TOOLIK",-196,8387,8.15000000000003
"339",2002,"Salix pulchra","TOOLIK",-196,7948,9.15000000000003
"340",2002,"Salix pulchra","TOOLIK",97.2972972972973,8387,8.15000000000003
"341",2002,"Salix pulchra","TOOLIK",97.2972972972973,7948,9.15000000000003
"342",2002,"Salix pulchra","TOOLIK",-339.999999999999,8387,8.15000000000003
"343",2002,"Salix pulchra","TOOLIK",-339.999999999999,7948,9.15000000000003
"344",2002,"Salix pulchra","TOOLIK",-326.136363636365,8387,8.15000000000003
"345",2002,"Salix pulchra","TOOLIK",-326.136363636365,7948,9.15000000000003
"346",2002,"Salix pulchra","TOOLIK",77.8666666666666,8387,8.15000000000003
"347",2002,"Salix pulchra","TOOLIK",77.8666666666666,7948,9.15000000000003
"348",2002,"Salix pulchra","TOOLIK",3.61445783132559,8387,8.15000000000003
"349",2002,"Salix pulchra","TOOLIK",3.61445783132559,7948,9.15000000000003
"350",2002,"Salix pulchra","TOOLIK",83.531746031746,8387,8.15000000000003
"351",2002,"Salix pulchra","TOOLIK",83.531746031746,7948,9.15000000000003
"352",2002,"Salix pulchra","TOOLIK",-3884.93975903615,8387,8.15000000000003
"353",2002,"Salix pulchra","TOOLIK",-3884.93975903615,7948,9.15000000000003
"354",2002,"Salix pulchra","TOOLIK",37.1428571428573,8387,8.15000000000003
"355",2002,"Salix pulchra","TOOLIK",37.1428571428573,7948,9.15000000000003
"356",2002,"Salix pulchra","TOOLIK",41.2121212121212,8387,8.15000000000003
"357",2002,"Salix pulchra","TOOLIK",41.2121212121212,7948,9.15000000000003
"358",2002,"Salix pulchra","TOOLIK",19.5876288659794,8387,8.15000000000003
"359",2002,"Salix pulchra","TOOLIK",19.5876288659794,7948,9.15000000000003
"360",2002,"Salix pulchra","TOOLIK",45.5128205128203,8387,8.15000000000003
"361",2002,"Salix pulchra","TOOLIK",45.5128205128203,7948,9.15000000000003
"362",2002,"Salix pulchra","TOOLIK",61.4604462474647,8387,8.15000000000003
"363",2002,"Salix pulchra","TOOLIK",61.4604462474647,7948,9.15000000000003
"364",2002,"Salix pulchra","TOOLIK",11.8128654970759,8387,8.15000000000003
"365",2002,"Salix pulchra","TOOLIK",11.8128654970759,7948,9.15000000000003
"366",2007,"Salix arctica","ANWR",75.6164383561644,13271,13.85
"367",2007,"Salix arctica","ANWR",-17.0411985018725,13271,13.85
"368",2007,"Salix arctica","ANWR",-22.1818181818184,13271,13.85
"369",2007,"Salix arctica","ANWR",43.3823529411766,13271,13.85
"370",2007,"Salix arctica","ANWR",-142.857142857143,13271,13.85
"371",2007,"Salix arctica","ANWR",34.6938775510203,13271,13.85
"372",2007,"Salix pulchra","TOOLIK",-289.062500000001,10885,13.25
"373",2007,"Salix pulchra","TOOLIK",-289.062500000001,9969,14.15
"374",2007,"Salix pulchra","TOOLIK",93.4198331788694,10885,13.25
"375",2007,"Salix pulchra","TOOLIK",93.4198331788694,9969,14.15
"376",2007,"Salix pulchra","TOOLIK",-443.192488262912,10885,13.25
"377",2007,"Salix pulchra","TOOLIK",-443.192488262912,9969,14.15
"378",2007,"Salix pulchra","TOOLIK",84.8314606741573,10885,13.25
"379",2007,"Salix pulchra","TOOLIK",84.8314606741573,9969,14.15
"380",2007,"Salix pulchra","TOOLIK",40.4444444444445,10885,13.25
"381",2007,"Salix pulchra","TOOLIK",40.4444444444445,9969,14.15
"382",2007,"Salix pulchra","TOOLIK",-745.771144278608,10885,13.25
"383",2007,"Salix pulchra","TOOLIK",-745.771144278608,9969,14.15
"384",2007,"Salix pulchra","TOOLIK",79.757785467128,10885,13.25
"385",2007,"Salix pulchra","TOOLIK",79.757785467128,9969,14.15
"386",2007,"Salix pulchra","TOOLIK",15.6633221850614,10885,13.25
"387",2007,"Salix pulchra","TOOLIK",15.6633221850614,9969,14.15
"388",2007,"Salix pulchra","TOOLIK",-34.3820224719104,10885,13.25
"389",2007,"Salix pulchra","TOOLIK",-34.3820224719104,9969,14.15
"390",2007,"Salix pulchra","TOOLIK",-367.948717948717,10885,13.25
"391",2007,"Salix pulchra","TOOLIK",-367.948717948717,9969,14.15
"392",2007,"Salix pulchra","TOOLIK",-58.2191780821916,10885,13.25
"393",2007,"Salix pulchra","TOOLIK",-58.2191780821916,9969,14.15
"394",2007,"Salix pulchra","TOOLIK",96.0111317254174,10885,13.25
"395",2007,"Salix pulchra","TOOLIK",96.0111317254174,9969,14.15
"396",2007,"Salix pulchra","TOOLIK",-195.983086680761,10885,13.25
"397",2007,"Salix pulchra","TOOLIK",-195.983086680761,9969,14.15
"398",2007,"Salix pulchra","TOOLIK",-100.750000000001,10885,13.25
"399",2007,"Salix pulchra","TOOLIK",-100.750000000001,9969,14.15
"400",2007,"Salix pulchra","TOOLIK",37.1689497716898,10885,13.25
"401",2007,"Salix pulchra","TOOLIK",37.1689497716898,9969,14.15
"402",2007,"Salix pulchra","TOOLIK",-83.1395348837212,10885,13.25
"403",2007,"Salix pulchra","TOOLIK",-83.1395348837212,9969,14.15
"404",2007,"Salix pulchra","TOOLIK",-160.31746031746,10885,13.25
"405",2007,"Salix pulchra","TOOLIK",-160.31746031746,9969,14.15
"406",2007,"Salix pulchra","TOOLIK",66.5505226480837,10885,13.25
"407",2007,"Salix pulchra","TOOLIK",66.5505226480837,9969,14.15
"408",2007,"Salix pulchra","TOOLIK",-198.958333333334,10885,13.25
"409",2007,"Salix pulchra","TOOLIK",-198.958333333334,9969,14.15
"410",2007,"Salix pulchra","TOOLIK",71.9512195121952,10885,13.25
"411",2007,"Salix pulchra","TOOLIK",71.9512195121952,9969,14.15
"412",2007,"Salix pulchra","TOOLIK",70.2898550724637,10885,13.25
"413",2007,"Salix pulchra","TOOLIK",70.2898550724637,9969,14.15
"414",2007,"Salix pulchra","TOOLIK",-3368.29268292682,10885,13.25
"415",2007,"Salix pulchra","TOOLIK",-3368.29268292682,9969,14.15
"416",2007,"Salix pulchra","TOOLIK",91.0488245931283,10885,13.25
"417",2007,"Salix pulchra","TOOLIK",91.0488245931283,9969,14.15
"418",2007,"Salix pulchra","TOOLIK",-137.575757575757,10885,13.25
"419",2007,"Salix pulchra","TOOLIK",-137.575757575757,9969,14.15
"420",2007,"Salix pulchra","TOOLIK",14.1156462585034,10885,13.25
"421",2007,"Salix pulchra","TOOLIK",14.1156462585034,9969,14.15
"422",2007,"Salix pulchra","TOOLIK",-163.366336633663,10885,13.25
"423",2007,"Salix pulchra","TOOLIK",-163.366336633663,9969,14.15
"424",2007,"Salix pulchra","TOOLIK",67.2932330827068,10885,13.25
"425",2007,"Salix pulchra","TOOLIK",67.2932330827068,9969,14.15
"426",2007,"Salix pulchra","TOOLIK",-28.735632183908,10885,13.25
"427",2007,"Salix pulchra","TOOLIK",-28.735632183908,9969,14.15
"428",2007,"Salix pulchra","TOOLIK",-393.749999999999,10885,13.25
"429",2007,"Salix pulchra","TOOLIK",-393.749999999999,9969,14.15
"430",2007,"Salix pulchra","TOOLIK",41.1392405063289,10885,13.25
"431",2007,"Salix pulchra","TOOLIK",41.1392405063289,9969,14.15
"432",2007,"Salix pulchra","TOOLIK",77.9569892473119,10885,13.25
"433",2007,"Salix pulchra","TOOLIK",77.9569892473119,9969,14.15
"434",2007,"Salix pulchra","TOOLIK",-285.365853658537,10885,13.25
"435",2007,"Salix pulchra","TOOLIK",-285.365853658537,9969,14.15
"436",2007,"Salix pulchra","TOOLIK",61.5189873417722,10885,13.25
"437",2007,"Salix pulchra","TOOLIK",61.5189873417722,9969,14.15
"438",2007,"Salix pulchra","TOOLIK",17.2932330827067,10885,13.25
"439",2007,"Salix pulchra","TOOLIK",17.2932330827067,9969,14.15
"440",2007,"Salix pulchra","TOOLIK",-8.7121212121211,10885,13.25
"441",2007,"Salix pulchra","TOOLIK",-8.7121212121211,9969,14.15
"442",2007,"Salix pulchra","TOOLIK",34.1463414634145,10885,13.25
"443",2007,"Salix pulchra","TOOLIK",34.1463414634145,9969,14.15
"444",2007,"Salix pulchra","TOOLIK",16.0493827160497,10885,13.25
"445",2007,"Salix pulchra","TOOLIK",16.0493827160497,9969,14.15
"446",2007,"Salix pulchra","TOOLIK",-252.941176470589,10885,13.25
"447",2007,"Salix pulchra","TOOLIK",-252.941176470589,9969,14.15
"448",2007,"Salix pulchra","TOOLIK",12.8124999999999,10885,13.25
"449",2007,"Salix pulchra","TOOLIK",12.8124999999999,9969,14.15
"450",2007,"Salix pulchra","TOOLIK",41.2186379928316,10885,13.25
"451",2007,"Salix pulchra","TOOLIK",41.2186379928316,9969,14.15
"452",2007,"Salix pulchra","TOOLIK",21.6027874564459,10885,13.25
"453",2007,"Salix pulchra","TOOLIK",21.6027874564459,9969,14.15
"454",2007,"Salix pulchra","TOOLIK",-740,10885,13.25
"455",2007,"Salix pulchra","TOOLIK",-740,9969,14.15
"456",2007,"Salix pulchra","TOOLIK",50.5555555555557,10885,13.25
"457",2007,"Salix pulchra","TOOLIK",50.5555555555557,9969,14.15
"458",2007,"Salix pulchra","TOOLIK",-117.977528089887,10885,13.25
"459",2007,"Salix pulchra","TOOLIK",-117.977528089887,9969,14.15
"460",2007,"Salix pulchra","TOOLIK",91.0652920962199,10885,13.25
"461",2007,"Salix pulchra","TOOLIK",91.0652920962199,9969,14.15
"462",2008,"Salix pulchra","TOOLIK",28.030303030303,6823,9.45000000000005
"463",2008,"Salix pulchra","TOOLIK",28.030303030303,6669,10.35
"464",2008,"Salix pulchra","TOOLIK",60.7843137254903,6823,9.45000000000005
"465",2008,"Salix pulchra","TOOLIK",60.7843137254903,6669,10.35
"466",2008,"Salix pulchra","TOOLIK",57.5828460038985,6823,9.45000000000005
"467",2008,"Salix pulchra","TOOLIK",57.5828460038985,6669,10.35
"468",2008,"Salix pulchra","TOOLIK",-3739.0625,6823,9.45000000000005
"469",2008,"Salix pulchra","TOOLIK",-3739.0625,6669,10.35
"470",2008,"Salix pulchra","TOOLIK",96.9868840836583,6823,9.45000000000005
"471",2008,"Salix pulchra","TOOLIK",96.9868840836583,6669,10.35
"472",2008,"Salix pulchra","TOOLIK",-127.941176470588,6823,9.45000000000005
"473",2008,"Salix pulchra","TOOLIK",-127.941176470588,6669,10.35
"474",2008,"Salix pulchra","TOOLIK",-92.0000000000001,6823,9.45000000000005
"475",2008,"Salix pulchra","TOOLIK",-92.0000000000001,6669,10.35
"476",2008,"Salix pulchra","TOOLIK",-122.916666666666,6823,9.45000000000005
"477",2008,"Salix pulchra","TOOLIK",-122.916666666666,6669,10.35
"478",2008,"Salix pulchra","TOOLIK",-66.3551401869157,6823,9.45000000000005
"479",2008,"Salix pulchra","TOOLIK",-66.3551401869157,6669,10.35
"480",2008,"Salix pulchra","TOOLIK",-106.741573033708,6823,9.45000000000005
"481",2008,"Salix pulchra","TOOLIK",-106.741573033708,6669,10.35
"482",2008,"Salix pulchra","TOOLIK",43.4782608695652,6823,9.45000000000005
"483",2008,"Salix pulchra","TOOLIK",43.4782608695652,6669,10.35
"484",2008,"Salix pulchra","TOOLIK",97.5,6823,9.45000000000005
"485",2008,"Salix pulchra","TOOLIK",97.5,6669,10.35
"486",2008,"Salix pulchra","TOOLIK",-838.461538461538,6823,9.45000000000005
"487",2008,"Salix pulchra","TOOLIK",-838.461538461538,6669,10.35
"488",2008,"Salix pulchra","TOOLIK",46.3487332339792,6823,9.45000000000005
"489",2008,"Salix pulchra","TOOLIK",46.3487332339792,6669,10.35
"490",2008,"Salix pulchra","TOOLIK",-450,6823,9.45000000000005
"491",2008,"Salix pulchra","TOOLIK",-450,6669,10.35
"492",2008,"Salix pulchra","TOOLIK",-119.444444444444,6823,9.45000000000005
"493",2008,"Salix pulchra","TOOLIK",-119.444444444444,6669,10.35
"494",2008,"Salix pulchra","TOOLIK",33.544303797468,6823,9.45000000000005
"495",2008,"Salix pulchra","TOOLIK",33.544303797468,6669,10.35
"496",2008,"Salix pulchra","TOOLIK",72.6984126984128,6823,9.45000000000005
"497",2008,"Salix pulchra","TOOLIK",72.6984126984128,6669,10.35
"498",2008,"Salix pulchra","TOOLIK",81.3269493844049,6823,9.45000000000005
"499",2008,"Salix pulchra","TOOLIK",81.3269493844049,6669,10.35
"500",2008,"Salix pulchra","TOOLIK",-1656.04395604395,6823,9.45000000000005
"501",2008,"Salix pulchra","TOOLIK",-1656.04395604395,6669,10.35
"502",2008,"Salix pulchra","TOOLIK",-17.0212765957448,6823,9.45000000000005
"503",2008,"Salix pulchra","TOOLIK",-17.0212765957448,6669,10.35
"504",2008,"Salix pulchra","TOOLIK",-101.818181818182,6823,9.45000000000005
"505",2008,"Salix pulchra","TOOLIK",-101.818181818182,6669,10.35
"506",2008,"Salix pulchra","TOOLIK",79.2792792792793,6823,9.45000000000005
"507",2008,"Salix pulchra","TOOLIK",79.2792792792793,6669,10.35
"508",2008,"Salix pulchra","TOOLIK",-141.304347826087,6823,9.45000000000005
"509",2008,"Salix pulchra","TOOLIK",-141.304347826087,6669,10.35
"510",2008,"Salix pulchra","TOOLIK",61.8018018018018,6823,9.45000000000005
"511",2008,"Salix pulchra","TOOLIK",61.8018018018018,6669,10.35
"512",2008,"Salix pulchra","TOOLIK",-119.33962264151,6823,9.45000000000005
"513",2008,"Salix pulchra","TOOLIK",-119.33962264151,6669,10.35
"514",2008,"Salix pulchra","TOOLIK",54.8387096774194,6823,9.45000000000005
"515",2008,"Salix pulchra","TOOLIK",54.8387096774194,6669,10.35
"516",2008,"Salix pulchra","TOOLIK",-57.1428571428571,6823,9.45000000000005
"517",2008,"Salix pulchra","TOOLIK",-57.1428571428571,6669,10.35
"518",2008,"Salix pulchra","TOOLIK",48.051948051948,6823,9.45000000000005
"519",2008,"Salix pulchra","TOOLIK",48.051948051948,6669,10.35
"520",2008,"Salix pulchra","TOOLIK",-171.25,6823,9.45000000000005
"521",2008,"Salix pulchra","TOOLIK",-171.25,6669,10.35
"522",2008,"Salix pulchra","TOOLIK",-56.9892473118278,6823,9.45000000000005
"523",2008,"Salix pulchra","TOOLIK",-56.9892473118278,6669,10.35
"524",2008,"Salix pulchra","TOOLIK",96.1187214611872,6823,9.45000000000005
"525",2008,"Salix pulchra","TOOLIK",96.1187214611872,6669,10.35
"526",2008,"Salix pulchra","TOOLIK",-404.201680672269,6823,9.45000000000005
"527",2008,"Salix pulchra","TOOLIK",-404.201680672269,6669,10.35
"528",2008,"Salix pulchra","TOOLIK",-140.333333333333,6823,9.45000000000005
"529",2008,"Salix pulchra","TOOLIK",-140.333333333333,6669,10.35
"530",2008,"Salix pulchra","TOOLIK",53.8141470180306,6823,9.45000000000005
"531",2008,"Salix pulchra","TOOLIK",53.8141470180306,6669,10.35
"532",2008,"Salix pulchra","TOOLIK",-12.2522522522523,6823,9.45000000000005
"533",2008,"Salix pulchra","TOOLIK",-12.2522522522523,6669,10.35
"534",2008,"Salix pulchra","TOOLIK",-135.955056179775,6823,9.45000000000005
"535",2008,"Salix pulchra","TOOLIK",-135.955056179775,6669,10.35
"536",2008,"Salix pulchra","TOOLIK",68.0272108843538,6823,9.45000000000005
"537",2008,"Salix pulchra","TOOLIK",68.0272108843538,6669,10.35
"538",2008,"Salix pulchra","TOOLIK",-1.77304964539006,6823,9.45000000000005
"539",2008,"Salix pulchra","TOOLIK",-1.77304964539006,6669,10.35
"540",2008,"Salix pulchra","TOOLIK",60.9756097560975,6823,9.45000000000005
"541",2008,"Salix pulchra","TOOLIK",60.9756097560975,6669,10.35
"542",2008,"Salix pulchra","TOOLIK",-312.5,6823,9.45000000000005
"543",2008,"Salix pulchra","TOOLIK",-312.5,6669,10.35
"544",2008,"Salix pulchra","TOOLIK",-359.09090909091,6823,9.45000000000005
"545",2008,"Salix pulchra","TOOLIK",-359.09090909091,6669,10.35
"546",2008,"Salix pulchra","TOOLIK",93.1400282885431,6823,9.45000000000005
"547",2008,"Salix pulchra","TOOLIK",93.1400282885431,6669,10.35
"548",2008,"Salix pulchra","TOOLIK",-118.900343642611,6823,9.45000000000005
"549",2008,"Salix pulchra","TOOLIK",-118.900343642611,6669,10.35
"550",2008,"Salix pulchra","TOOLIK",-78.0219780219781,6823,9.45000000000005
"551",2008,"Salix pulchra","TOOLIK",-78.0219780219781,6669,10.35
"552",2008,"Salix pulchra","TOOLIK",-40.7407407407407,6823,9.45000000000005
"553",2008,"Salix pulchra","TOOLIK",-40.7407407407407,6669,10.35
"554",2008,"Salix pulchra","TOOLIK",-155.263157894736,6823,9.45000000000005
"555",2008,"Salix pulchra","TOOLIK",-155.263157894736,6669,10.35
"556",2008,"Salix pulchra","TOOLIK",91.4353687549563,6823,9.45000000000005
"557",2008,"Salix pulchra","TOOLIK",91.4353687549563,6669,10.35
"558",2008,"Salix pulchra","TOOLIK",16.6005291005291,6823,9.45000000000005
"559",2008,"Salix pulchra","TOOLIK",16.6005291005291,6669,10.35
"560",2008,"Salix pulchra","TOOLIK",11.7040630685264,6823,9.45000000000005
"561",2008,"Salix pulchra","TOOLIK",11.7040630685264,6669,10.35
"562",2008,"Salix pulchra","TOOLIK",-799.038461538458,6823,9.45000000000005
"563",2008,"Salix pulchra","TOOLIK",-799.038461538458,6669,10.35
"564",2008,"Salix pulchra","TOOLIK",57.4545454545454,6823,9.45000000000005
"565",2008,"Salix pulchra","TOOLIK",57.4545454545454,6669,10.35
"566",2013,"Salix pulchra","KP",-40.462962962963,9667,7.95000000000005
"567",2013,"Salix richardsonii","KP",-151.612903225806,9667,7.95000000000005
"568",2013,"Salix richardsonii","KP",-179.549114331723,9667,7.95000000000005
"569",2013,"Salix richardsonii","KP",85.8927760109041,9667,7.95000000000005
"570",2013,"Salix richardsonii","KP",-7.22201924247959,9667,7.95000000000005
"571",2013,"Salix richardsonii","KP",-338.621794871795,9667,7.95000000000005
"572",2013,"Salix richardsonii","KP",25.7142857142857,9667,7.95000000000005
"573",2016,"Salix arctica","KP",70,10528,8.05000000000001
"574",2016,"Salix arctica","KP",-191.891891891892,10528,8.05000000000001
"575",2016,"Salix arctica","KP",56.9767441860465,10528,8.05000000000001
"576",2016,"Salix arctica","KP",-24.4212962962963,10528,8.05000000000001
"577",2016,"Salix arctica","KP",37.0491803278689,10528,8.05000000000001
"578",2016,"Salix arctica","KP",-24.7727272727273,10528,8.05000000000001
"579",2016,"Salix arctica","KP",22.8070175438596,10528,8.05000000000001
"580",2016,"Salix arctica","KP",-40.04914004914,10528,8.05000000000001
"581",2016,"Salix arctica","KP",19.9449252557042,10528,8.05000000000001
"582",2016,"Salix arctica","KP",-121.04347826087,10528,8.05000000000001
"583",2016,"Salix arctica","KP",19.8606271777003,10528,8.05000000000001
"584",2016,"Salix arctica","KP",32.311320754717,10528,8.05000000000001
"585",2016,"Salix arctica","KP",-24.7058823529412,10528,8.05000000000001
"586",2016,"Salix arctica","KP",-462.169312169312,10528,8.05000000000001
"587",2016,"Salix arctica","KP",91.6,10528,8.05000000000001
"588",2016,"Salix arctica","KP",0,10528,8.05000000000001
"589",2016,"Salix arctica","KP",-5.82010582010581,10528,8.05000000000001
"590",2016,"Salix arctica","KP",58.9922854387657,10528,8.05000000000001
"591",2016,"Salix arctica","KP",-67.258064516129,10528,8.05000000000001
"592",2016,"Salix arctica","KP",-31.8447634237108,10528,8.05000000000001
"593",2016,"Salix arctica","KP",-10.9080188679245,10528,8.05000000000001
"594",2016,"Salix arctica","QHI",24.6031746031746,10204,7.95000000000005
"595",2016,"Salix arctica","QHI",42.7272727272727,10204,7.95000000000005
"596",2016,"Salix arctica","QHI",-106.896551724138,10204,7.95000000000005
"597",2016,"Salix arctica","QHI",46.2962962962963,10204,7.95000000000005
"598",2016,"Salix arctica","QHI",21.7391304347826,10204,7.95000000000005
"599",2016,"Salix arctica","QHI",-122.417582417582,10204,7.95000000000005
"600",2016,"Salix pulchra","KP",19.3965517241379,10528,8.05000000000001
"601",2016,"Salix pulchra","KP",-10.6518282988871,10528,8.05000000000001
"602",2016,"Salix pulchra","KP",20.3545425767648,10528,8.05000000000001
"603",2016,"Salix pulchra","KP",-7.01219512195121,10528,8.05000000000001
"604",2016,"Salix pulchra","KP",-1.61790017211704,10528,8.05000000000001
"605",2016,"Salix pulchra","KP",-12.7571484021219,10528,8.05000000000001
"606",2016,"Salix pulchra","KP",-19.8666253101737,10528,8.05000000000001
"607",2016,"Salix pulchra","QHI",0,10204,7.95000000000005
"608",2016,"Salix pulchra","QHI",-12.5,10204,7.95000000000005
"609",2016,"Salix pulchra","QHI",53.686293913904,10204,7.95000000000005
"610",2016,"Salix pulchra","QHI",27.9500891265597,10204,7.95000000000005
"611",2016,"Salix pulchra","QHI",-49.2021276595745,10204,7.95000000000005
"612",2016,"Salix pulchra","QHI",68.135593220339,10204,7.95000000000005
"613",2016,"Salix pulchra","QHI",26.1761761761762,10204,7.95000000000005
"614",2016,"Salix pulchra","QHI",-194.473102431835,10204,7.95000000000005
"615",2016,"Salix richardsonii","KP",-147.569444444444,10528,8.05000000000001
"616",2016,"Salix richardsonii","KP",80.52738336714,10528,8.05000000000001
"617",2016,"Salix richardsonii","KP",21.6216216216216,10528,8.05000000000001
"618",2016,"Salix richardsonii","KP",-475.30487804878,10528,8.05000000000001
"619",2016,"Salix richardsonii","KP",-95.2380952380953,10528,8.05000000000001
"620",2016,"Salix richardsonii","KP",51.793400286944,10528,8.05000000000001
"621",2016,"Salix richardsonii","KP",-20.6926406926407,10528,8.05000000000001
"622",2016,"Salix richardsonii","KP",-40.8536585365854,10528,8.05000000000001
"623",2016,"Salix richardsonii","KP",81.1059907834101,10528,8.05000000000001
"624",2016,"Salix richardsonii","KP",-64.021164021164,10528,8.05000000000001
"625",2016,"Salix richardsonii","KP",-80,10528,8.05000000000001
"626",2016,"Salix richardsonii","KP",25,10528,8.05000000000001
"627",2016,"Salix richardsonii","KP",5.76923076923077,10528,8.05000000000001
"628",2016,"Salix richardsonii","KP",9.09090909090908,10528,8.05000000000001
"629",2016,"Salix richardsonii","KP",69.0140845070423,10528,8.05000000000001
"630",2016,"Salix richardsonii","KP",-50.8169934640523,10528,8.05000000000001
"631",2016,"Salix richardsonii","KP",41.0120481927711,10528,8.05000000000001
"632",2016,"Salix richardsonii","KP",-184.831846259437,10528,8.05000000000001
"633",2016,"Salix richardsonii","KP",68.976897689769,10528,8.05000000000001
"634",2016,"Salix richardsonii","KP",-13.6891793754539,10528,8.05000000000001
"635",2016,"Salix richardsonii","KP",-313.513513513513,10528,8.05000000000001
"636",2016,"Salix richardsonii","KP",69.8642533936652,10528,8.05000000000001
"637",2016,"Salix richardsonii","KP",24.1071428571429,10528,8.05000000000001
"638",2016,"Salix richardsonii","KP",-11.2299465240642,10528,8.05000000000001
"639",2016,"Salix richardsonii","QHI",-23.6363636363637,10204,7.95000000000005
"640",2016,"Salix richardsonii","QHI",49.3787390704096,10204,7.95000000000005
"641",2017,"Salix arctica","KP",82.1602787456446,12513,7.25
"642",2017,"Salix arctica","KP",-169.736842105263,12513,7.25
"643",2017,"Salix arctica","KP",77.7777777777778,12513,7.25
"644",2017,"Salix arctica","KP",-230.206896551724,12513,7.25
"645",2017,"Salix arctica","KP",-186.561264822134,12513,7.25
"646",2017,"Salix arctica","KP",82.4305555555556,12513,7.25
"647",2017,"Salix arctica","KP",12.568306010929,12513,7.25
"648",2017,"Salix arctica","KP",14.8837209302326,12513,7.25
"649",2017,"Salix arctica","KP",6.43133462282398,12513,7.25
"650",2017,"Salix arctica","KP",7.09793351302785,12513,7.25
"651",2017,"Salix arctica","KP",6.93979933110368,12513,7.25
"652",2017,"Salix arctica","KP",-6.59536541889483,12513,7.25
"653",2017,"Salix arctica","KP",73.3618233618234,12513,7.25
"654",2017,"Salix pulchra","KP",76.0869565217391,12513,7.25
"655",2017,"Salix pulchra","KP",-205.50284629981,12513,7.25
"656",2017,"Salix pulchra","KP",65.053050397878,12513,7.25
"657",2017,"Salix pulchra","KP",-31.111433125634,12513,7.25
"658",2017,"Salix pulchra","KP",-389.432624113475,12513,7.25
"659",2017,"Salix pulchra","QHI",-65.9222497932175,7131,8.85000000000002
"660",2017,"Salix pulchra","QHI",50.9334415584416,7131,8.85000000000002
"661",2017,"Salix richardsonii","KP",75.9590792838875,12513,7.25
"662",2017,"Salix richardsonii","KP",-189.62962962963,12513,7.25
"663",2017,"Salix richardsonii","KP",75.6610576923077,12513,7.25
"664",2017,"Salix richardsonii","KP",15.959595959596,12513,7.25
"665",2017,"Salix richardsonii","KP",18.3589320688589,12513,7.25
"666",2017,"Salix richardsonii","KP",-259.296296296296,12513,7.25
"667",2017,"Salix richardsonii","KP",69.4570135746606,12513,7.25
"668",2017,"Salix richardsonii","KP",-101.550387596899,12513,7.25
"669",2017,"Salix richardsonii","KP",-44.4664031620553,12513,7.25
"670",2017,"Salix richardsonii","KP",-216.25,12513,7.25
"671",2017,"Salix richardsonii","KP",67.6113360323887,12513,7.25
"672",2017,"Salix richardsonii","KP",-42.5,12513,7.25
"673",2022,"Salix arctica","QHI",54.1176470588235,NA,NA
"674",2022,"Salix arctica","QHI",-709.52380952381,NA,NA
"675",2022,"Salix arctica","QHI",93.5975609756098,NA,NA
"676",2022,"Salix arctica","QHI",-176.094276094276,NA,NA
"677",2022,"Salix arctica","QHI",-47.3945409429281,NA,NA
"678",2022,"Salix arctica","QHI",74.6938775510204,NA,NA
"679",2022,"Salix arctica","QHI",84.9195075757576,NA,NA
"680",2022,"Salix arctica","QHI",-646.553552492047,NA,NA
"681",2022,"Salix arctica","QHI",73.8055555555556,NA,NA
"682",2022,"Salix pulchra","QHI",-268.75,NA,NA
"683",2022,"Salix pulchra","QHI",71.6049382716049,NA,NA
"684",2022,"Salix pulchra","QHI",-144.897959183673,NA,NA
"685",2022,"Salix pulchra","QHI",-2.35976789168278,NA,NA
"686",2022,"Salix pulchra","QHI",-168.711018711019,NA,NA
"687",2022,"Salix pulchra","QHI",85.8840792369773,NA,NA
"688",2022,"Salix pulchra","QHI",-95.664656904967,NA,NA
"689",2022,"Salix pulchra","QHI",28.2979249011858,NA,NA
"690",2022,"Salix pulchra","QHI",55.5957767722474,NA,NA
"691",2022,"Salix richardsonii","QHI",11.1668293298762,NA,NA
"692",2022,"Salix richardsonii","QHI",-132.022239309162,NA,NA
"693",2022,"Salix richardsonii","QHI",8.36314363143633,NA,NA
"694",2022,"Salix richardsonii","QHI",-487.045454545455,NA,NA
"695",2022,"Salix richardsonii","QHI",90.0542495479204,NA,NA
