"","Bed","SampleID","Year_planted","Species","Site","Sample_Date","Month","Day","Year","Canopy_Height_cm","Width_cm","Width_2_cm","Stem_diameter","Stem_Elongation_1_mm","Stem_Elongation_2_mm","Stem_Elongation_3_mm","Length_1_mm","Length_2_mm","Length_3_mm","2022 Notes","mean_stem_elong","mean_leaf_length","mean_width"
"1","IMS","KLSpE2",2013,"Salix pulchra","Kluane",2022-07-03,7,3,2022,32.5,123,35,65,15,23,34,35,25,15,NA,24,25,79
"2","IMS","KLSpE3",2013,"Salix pulchra","Kluane",2022-07-03,7,3,2022,11.5,9.9,7,10,15,7,10,34,15,28,NA,10.6666666666667,25.6666666666667,8.45
"3","IMS","KLSpE4",2013,"Salix pulchra","Kluane",2022-07-03,7,3,2022,45.1,75,62,52,20,15,25,24,34,28,NA,20,28.6666666666667,68.5
"4","LB","KP16Sr41",2016,"Salix richardsonii","Kluane",2022-07-03,7,3,2022,28.3,30.5,20.6,11,56,39,15,38,34,28,NA,36.6666666666667,33.3333333333333,25.55
"5","LB","KLSrE4",2013,"Salix richardsonii","Kluane",2022-07-03,7,3,2022,112,221.4,203,124,85,70,160,45,40,38,NA,105,41,212.2
"6","LB","KP17Sr2",2017,"Salix richardsonii","Kluane",2022-07-03,7,3,2022,28.6,30.5,26,16,18,45,15,46,35,33,NA,26,38,28.25
"7","LB","H17Sr4",2017,"Salix richardsonii","Qikiqtaruk",2022-07-03,7,3,2022,7,16.4,7.2,11,19,12,9,19,24,18,NA,13.3333333333333,20.3333333333333,11.8
"8","SL","PC17Sp1",2017,"Salix pulchra","Kluane",2022-07-03,7,3,2022,17.5,36.5,33,10,95,280,230,46,55,42,NA,201.666666666667,47.6666666666667,34.75
"9","SL","KP17Sp5",2017,"Salix pulchra","Kluane",2022-07-03,7,3,2022,35,51,31,12,18,37,18,44,32,54,NA,24.3333333333333,43.3333333333333,41
"10","SL","H18Sp15",2018,"Salix pulchra","Qikiqtaruk",2022-07-03,7,3,2022,9.6,7.4,7.8,7,NA,NA,NA,15,13,16,"No si",NA,14.6666666666667,7.6
"11","GD","KP16Sr37",2016,"Salix richardsonii","Kluane",2022-07-03,7,3,2022,85.9,69.5,68.3,30,115,130,30,40,34,31,NA,91.6666666666667,35,68.9
"12","GD","H17Sr9",2017,"Salix richardsonii","Qikiqtaruk",2022-07-03,7,3,2022,21,31,33.4,14,25,37,24,17,22,35,NA,28.6666666666667,24.6666666666667,32.2
"13","GD","H18Sr8",2018,"Salix richardsonii","Qikiqtaruk",2022-07-03,7,3,2022,6,13,12.7,8,8,10,22,21,15,20,NA,13.3333333333333,18.6666666666667,12.85
"14","SW","H15Sr19",2015,"Salix richardsonii","Qikiqtaruk",2022-07-03,7,3,2022,7.5,14.8,12.5,10,6,9,16,22,21,15,NA,10.3333333333333,19.3333333333333,13.65
"15","SW","H15Sr20",2015,"Salix richardsonii","Qikiqtaruk",2022-07-03,7,3,2022,7.5,8.4,8.3,12,8,NA,NA,22,19,19,"1 si",NA,20,8.35
"16","SW","HESr8",2013,"Salix richardsonii","Qikiqtaruk",2022-07-03,7,3,2022,15.2,21.5,21,14,55,16,75,23,26,21,NA,48.6666666666667,23.3333333333333,21.25
"17","SW","KLSrE6",2013,"Salix richardsonii","Kluane",2022-07-03,7,3,2022,82.5,118.5,83,52,34,30,37,46,38,44,NA,33.6666666666667,42.6666666666667,100.75
"18","CF","H15Sp15",2015,"Salix pulchra","Qikiqtaruk",2022-07-03,7,3,2022,15.5,24.4,23,11,NA,NA,NA,NA,NA,NA,"No si leaves too crunchy to measure",NA,NA,23.7
"19","CF","KLSpE8",2013,"Salix pulchra","Kluane",2022-07-03,7,3,2022,24.5,119,22.2,67,27,14,51,36,50,32,NA,30.6666666666667,39.3333333333333,70.6
"20","CF","H17SP9",2017,"Salix pulchra","Qikiqtaruk",2022-07-03,7,3,2022,18.5,18,16,9,10,27,30,26,20,31,NA,22.3333333333333,25.6666666666667,17
"21","JA","K17Sa5",2017,"Salix arctica","Kluane",2022-07-03,7,3,2022,4.1,7,8,7,6,7,5,22,25,18,NA,6,21.6666666666667,7.5
"22","JA","KP17Sa4",2017,"Salix arctica","Kluane",2022-07-03,7,3,2022,3,8.2,7.1,9,9,17,9,24,25,23,NA,11.6666666666667,24,7.65
"23","JA","PC16CESa2",2016,"Salix arctica","Kluane",2022-07-03,7,3,2022,11.5,36,31.6,13,39,44,62,67,80,45,NA,48.3333333333333,64,33.8
"24","JA","H17Sa9",2017,"Salix arctica","Qikiqtaruk",2022-07-03,7,3,2022,10,27.5,24.5,9,41,30,40,32,21,22,NA,37,25,26
"25","JA","PC17Sa7",2017,"Salix arctica","Kluane",2022-07-03,7,3,2022,8.2,26,23.9,9,32,22,12,44,43,32,NA,22,39.6666666666667,24.95
"26","JA","KP18Sa4",2018,"Salix arctica","Kluane",2022-07-03,7,3,2022,4.5,12.6,10.2,9,16,24,12,45,23,31,NA,17.3333333333333,33,11.4
"27","JG","HE16Sp17",2016,"Salix pulchra","Qikiqtaruk",2022-07-03,7,3,2022,7,13.3,12.8,9,12,14,31,23,25,22,NA,19,23.3333333333333,13.05
"28","JG","H18Sp18",2018,"Salix pulchra","Qikiqtaruk",2022-07-03,7,3,2022,4,3.5,3.2,5,9,7,NA,14,13,10,NA,NA,12.3333333333333,3.35
"29","JG","KP18Sp4",2018,"Salix pulchra","Kluane",2022-07-03,7,3,2022,16,33,21,9,42,26,77,45,31,38,NA,48.3333333333333,38,27
"30","JG","KP18Sp2",2018,"Salix pulchra","Kluane",2022-07-03,7,3,2022,47,48,45,14,82,240,290,57,56,46,NA,204,53,46.5
"31","JG","KP18Sp1",2018,"Salix pulchra","Kluane",2022-07-03,7,3,2022,28.5,44.3,41,12,136,93,33,32,40,37,NA,87.3333333333333,36.3333333333333,42.65
"32","JG","H18Sp16",2018,"Salix pulchra","Qikiqtaruk",2022-07-03,7,3,2022,12.5,8.3,5.5,11,16,24,12,27,24,15,NA,17.3333333333333,22,6.9
"33","MG","KLSpE11",2013,"Salix pulchra","Kluane",2022-07-03,7,3,2022,NA,NA,NA,NA,NA,NA,NA,NA,NA,NA,"dead?",NA,NA,NA
"34","MG","KLSpE12",2013,"Salix pulchra","Kluane",2022-07-03,7,3,2022,42,92.5,32,13,27,33,34,32,36,29,NA,31.3333333333333,32.3333333333333,62.25
"35","MG","HESp17",2013,"Salix pulchra","Qikiqtaruk",2022-07-03,7,3,2022,6.5,9,7.2,8,12,27,13,19,16,10,NA,17.3333333333333,15,8.1
"36","IR","KLSrC10",2013,"Salix richardsonii","Kluane",2022-07-03,7,3,2022,116.8,170,131,105,81,37,83,40,43,39,NA,67,40.6666666666667,150.5
"37","IR","KLSrE14",2013,"Salix richardsonii","Kluane",2022-07-03,7,3,2022,36,96,66.2,30,16,112,32,44,24,37,NA,53.3333333333333,35,81.1
"38","IR","KLSrE15",2013,"Salix richardsonii","Kluane",2022-07-03,7,3,2022,82,155,82,31,29,140,72,34,45,40,NA,80.3333333333333,39.6666666666667,118.5
"39","SAB","HE16Sa14",2016,"Salix arctica","Qikiqtaruk",2022-07-03,7,3,2022,6.5,22,17.3,11,15,17,49,19,18,20,NA,27,19,19.65
"40","SAB","H17Sa15",2017,"Salix arctica","Qikiqtaruk",2022-07-03,7,3,2022,9,17.5,14,9,42,13,39,24,29,33,NA,31.3333333333333,28.6666666666667,15.75
"41","SAB","KP17Sa6",2017,"Salix arctica","Kluane",2022-07-03,7,3,2022,5.9,18.5,18.5,6,12,13,11,47,37,25,NA,12,36.3333333333333,18.5
"42","SAB","HE16Sa6",2016,"Salix arctica","Qikiqtaruk",2022-07-03,7,3,2022,2.5,8,7,6,9,10,11,24,17,19,NA,10,20,7.5
"43","SAB","HE16Sa7",2016,"Salix arctica","Qikiqtaruk",2022-07-03,7,3,2022,4.5,22.5,14.6,10,30,32,29,28,21,43,NA,30.3333333333333,30.6666666666667,18.55
"44","SAB","H18Sa8",2018,"Salix arctica","Qikiqtaruk",2022-07-03,7,3,2022,6,14,13.6,11,33,22,35,34,29,16,NA,30,26.3333333333333,13.8
"45","AC","H15Sr29",2015,"Salix richardsonii","Qikiqtaruk",2022-07-03,7,3,2022,7.4,9,5,12,6,NA,NA,19,15,17,NA,NA,17,7
"46","AC","HESr23",2013,"Salix richardsonii","Qikiqtaruk",2022-07-03,7,3,2022,8.3,8,8.5,10,10,28,15,20,16,18,NA,17.6666666666667,18,8.25
"47","AC","KLSrC13",2013,"Salix richardsonii","Kluane",2022-07-03,7,3,2022,78,128,137,26,124,222,85,60,55,57,NA,143.666666666667,57.3333333333333,132.5
"48","AB","H15Sp25",2015,"Salix pulchra","Qikiqtaruk",2022-07-03,7,3,2022,10,14,10,14,14,16,21,27,19,18,NA,17,21.3333333333333,12
"49","AB","PC16CESp7",2016,"Salix pulchra","Kluane",2022-07-03,7,3,2022,26,53,45.5,19,180,19,26,44,52,45,NA,75,47,49.25
"50","AB","H15Sp27",2015,"Salix pulchra","Qikiqtaruk",2022-07-03,7,3,2022,5.7,18.5,18,15,25,34,25,15,16,17,NA,28,16,18.25
"51","AB","HESp29",2013,"Salix pulchra","Qikiqtaruk",2022-07-03,7,3,2022,10.5,23,17,13,24,36,23,33,21,24,NA,27.6666666666667,26,20
"52","AB","H17Sp18",2017,"Salix pulchra","Qikiqtaruk",2022-07-03,7,3,2022,5,10.2,5.5,8,7,20,21,15,24,21,NA,16,20,7.85
"53","AB","H17Sp13",2017,"Salix pulchra","Qikiqtaruk",2022-07-03,7,3,2022,20,8,8,8,9,38,25,22,15,23,NA,24,20,8
"54","AB","H17Sp10",2017,"Salix pulchra","Qikiqtaruk",2022-07-03,7,3,2022,7.5,12.5,10,9,16,10,17,21,20,12,NA,14.3333333333333,17.6666666666667,11.25
"55","JB","H15Sa12",2015,"Salix arctica","Qikiqtaruk",2022-07-03,7,3,2022,6.5,20,14,10,25,25,21,43,35,25,NA,23.6666666666667,34.3333333333333,17
"56","JB","K15PSa9",2015,"Salix arctica","Kluane",2022-07-03,7,3,2022,7,37,29,17,16,35,14,91,53,59,NA,21.6666666666667,67.6666666666667,33
"57","JB","H17Sa20",2017,"Salix arctica","Qikiqtaruk",2022-07-03,7,3,2022,5.9,29,21,13,71,44,32,46,32,47,NA,49,41.6666666666667,25
"58","JB","H15Sa7",2015,"Salix arctica","Qikiqtaruk",2022-07-03,7,3,2022,5,17,11,5,33,35,13,45,19,21,NA,27,28.3333333333333,14
"59","JB","H15Sa10",2015,"Salix arctica","Qikiqtaruk",2022-07-03,7,3,2022,6.3,32,29,12,18,51,19,30,22,35,NA,29.3333333333333,29,30.5
"60","JB","K15PSa15",2015,"Salix arctica","Kluane",2022-07-03,7,3,2022,7,21,18,8,19,20,24,44,45,49,NA,21,46,19.5
"61","JB","K15PSa12",2015,"Salix arctica","Kluane",2022-07-03,7,3,2022,4.9,24.7,24,20,34,42,11,43,49,30,NA,29,40.6666666666667,24.35
"62","EW","KP16Sr60",2016,"Salix richardsonii","Kluane",2022-07-03,7,3,2022,50.5,41,32,15,110,120,125,45,50,54,NA,118.333333333333,49.6666666666667,36.5
"63","EW","KP16Sr58",2016,"Salix richardsonii","Kluane",2022-07-03,7,3,2022,43.2,64,46,32,255,75,149,44,41,40,NA,159.666666666667,41.6666666666667,55
"64","EW","KP16Sr57",2016,"Salix richardsonii","Kluane",2022-07-03,7,3,2022,73.5,68,47,24,305,290,25,52,45,44,NA,206.666666666667,47,57.5
"65","EW","H17Sr37",2017,"Salix richardsonii","Qikiqtaruk",2022-07-03,7,3,2022,7.5,10,9,9,11,10,9,19,18,14,NA,10,17,9.5
"66","EW","KP18Sa8",2018,"Salix richardsonii","Kluane",2022-07-03,7,3,2022,10.9,22,10.2,9,20,20,23,21,20,22,NA,21,21,16.1
"67","EW","H18Sr27",2018,"Salix richardsonii","Qikiqtaruk",2022-07-03,7,3,2022,18.5,16,9,8,40,32,33,31,29,34,NA,35,31.3333333333333,12.5
"68","IMS","KLSpE2",2013,"Salix pulchra","Kluane",2022-07-10,7,10,2022,31,122,55,50,16,22,31,44,25,41,NA,23,36.6666666666667,88.5
"69","IMS","KLSpE3",2013,"Salix pulchra","Kluane",2022-07-10,7,10,2022,13.5,9.5,7.5,6,9,11,7,22,28,16,NA,9,22,8.5
"70","IMS","KLSpE4",2013,"Salix pulchra","Kluane",2022-07-10,7,10,2022,49,80,83,35,16,11,19,29,27,35,NA,15.3333333333333,30.3333333333333,81.5
"71","LB","KP16Sr41",2016,"Salix richardsonii","Kluane",2022-07-10,7,10,2022,30.5,32,20,11,76,91,44,39,28,38,NA,70.3333333333333,35,26
"72","LB","KLSrE4",2013,"Salix richardsonii","Kluane",2022-07-10,7,10,2022,117,216,234,124,105,63,143,48,42,48,NA,103.666666666667,46,225
"73","LB","KP17Sr2",2017,"Salix richardsonii","Kluane",2022-07-10,7,10,2022,26.5,31.5,25,24,18,39,23,44,28,38,NA,26.6666666666667,36.6666666666667,28.25
"74","LB","H17Sr4",2017,"Salix richardsonii","Qikiqtaruk",2022-07-10,7,10,2022,5,17,7.5,13,13,38,27,23,21,19,NA,26,21,12.25
"75","SL","PC17Sp1",2017,"Salix pulchra","Kluane",2022-07-10,7,10,2022,21,43,35,11,320,280,110,63,42,33,NA,236.666666666667,46,39
"76","SL","KP17Sp5",2017,"Salix pulchra","Kluane",2022-07-10,7,10,2022,34.5,55,33,15,26,21,33,29,31,38,NA,26.6666666666667,32.6666666666667,44
"77","SL","H18Sp15",2018,"Salix pulchra","Qikiqtaruk",2022-07-10,7,10,2022,NA,NA,NA,NA,NA,NA,NA,NA,NA,NA,NA,NA,NA,NA
"78","GD","KP16Sr37",2016,"Salix richardsonii","Kluane",2022-07-10,7,10,2022,81,67,69.5,32,150,106,125,40,38,37,NA,127,38.3333333333333,68.25
"79","GD","H17Sr9",2017,"Salix richardsonii","Qikiqtaruk",2022-07-10,7,10,2022,22,29,29,14,NA,NA,NA,29,30,25,NA,NA,28,29
"80","GD","H18Sr8",2018,"Salix richardsonii","Qikiqtaruk",2022-07-10,7,10,2022,5.5,13.2,13.9,5,10,8,17,26,14,19,NA,11.6666666666667,19.6666666666667,13.55
"81","SW","H15Sr19",2015,"Salix richardsonii","Qikiqtaruk",2022-07-10,7,10,2022,7.5,14,15.5,9,11,15,5,20,19,18,NA,10.3333333333333,19,14.75
"82","SW","H15Sr20",2015,"Salix richardsonii","Qikiqtaruk",2022-07-10,7,10,2022,5,9.5,3.5,12,NA,NA,NA,18,21,19,NA,NA,19.3333333333333,6.5
"83","SW","HESr8",2013,"Salix richardsonii","Qikiqtaruk",2022-07-10,7,10,2022,14.5,26,20,17,5,5,NA,21,23,30,NA,NA,24.6666666666667,23
"84","SW","KLSrE6",2013,"Salix richardsonii","Kluane",2022-07-10,7,10,2022,31.5,114,104,56,22,23,27,46,29,44,NA,24,39.6666666666667,109
"85","CF","H15Sp15",2015,"Salix pulchra","Qikiqtaruk",2022-07-10,7,10,2022,NA,NA,NA,NA,NA,NA,NA,NA,NA,NA,NA,NA,NA,NA
"86","CF","KLSpE8",2013,"Salix pulchra","Kluane",2022-07-10,7,10,2022,25,103,26,39,20,19,72,39,39,28,NA,37,35.3333333333333,64.5
"87","CF","H17SP9",2017,"Salix pulchra","Qikiqtaruk",2022-07-10,7,10,2022,16,17,17.5,10,22,25,27,27,34,26,NA,24.6666666666667,29,17.25
"88","JA","K17Sa5",2017,"Salix arctica","Kluane",2022-07-10,7,10,2022,3,8,7.5,6,7,4,5,29,25,16,NA,5.33333333333333,23.3333333333333,7.75
"89","JA","KP17Sa4",2017,"Salix arctica","Kluane",2022-07-10,7,10,2022,4,9.3,7.5,14,8,3,3,24,25,23,NA,4.66666666666667,24,8.4
"90","JA","PC16CESa2",2016,"Salix arctica","Kluane",2022-07-10,7,10,2022,12,36,32,9,46,40,19,78,44,57,NA,35,59.6666666666667,34
"91","JA","H17Sa9",2017,"Salix arctica","Qikiqtaruk",2022-07-10,7,10,2022,7.5,25.5,27.5,9,32,35,30,28,33,30,NA,32.3333333333333,30.3333333333333,26.5
"92","JA","PC17Sa7",2017,"Salix arctica","Kluane",2022-07-10,7,10,2022,8,26,24,13,10,30,32,43,39,37,NA,24,39.6666666666667,25
"93","JA","KP18Sa4",2018,"Salix arctica","Kluane",2022-07-10,7,10,2022,3.5,10,13,8,15,10,5,45,34,32,NA,10,37,11.5
"94","JG","HE16Sp17",2016,"Salix pulchra","Qikiqtaruk",2022-07-10,7,10,2022,8,13.5,9.5,10,NA,NA,NA,23,21,15,NA,NA,19.6666666666667,11.5
"95","JG","H18Sp18",2018,"Salix pulchra","Qikiqtaruk",2022-07-10,7,10,2022,4.1,3.5,4,5,NA,NA,NA,16,15,14,NA,NA,15,3.75
"96","JG","KP18Sp4",2018,"Salix pulchra","Kluane",2022-07-10,7,10,2022,29,36,25,16,160,230,370,63,41,40,NA,253.333333333333,48,30.5
"97","JG","KP18Sp2",2018,"Salix pulchra","Kluane",2022-07-10,7,10,2022,54,56.5,54,12,97,190,45,40,21,42,NA,110.666666666667,34.3333333333333,55.25
"98","JG","KP18Sp1",2018,"Salix pulchra","Kluane",2022-07-10,7,10,2022,27.5,41.5,46.5,15,60,165,71,31,44,45,NA,98.6666666666667,40,44
"99","JG","H18Sp16",2018,"Salix pulchra","Qikiqtaruk",2022-07-10,7,10,2022,11.5,8.2,5.5,4,12,9,NA,29,21,24,NA,NA,24.6666666666667,6.85
"100","MG","KLSpE11",2013,"Salix pulchra","Kluane",2022-07-10,7,10,2022,NA,NA,NA,NA,NA,NA,NA,NA,NA,NA,NA,NA,NA,NA
"101","MG","KLSpE12",2013,"Salix pulchra","Kluane",2022-07-10,7,10,2022,38.5,96,46,16,27,44,77,34,27,30,NA,49.3333333333333,30.3333333333333,71
"102","MG","HESp17",2013,"Salix pulchra","Qikiqtaruk",2022-07-10,7,10,2022,5,8,5.5,10,NA,NA,NA,17,6,15,NA,NA,12.6666666666667,6.75
"103","IR","KLSrC10",2013,"Salix richardsonii","Kluane",2022-07-10,7,10,2022,107,153,171,91,79,75,30,46,45,35,NA,61.3333333333333,42,162
"104","IR","KLSrE14",2013,"Salix richardsonii","Kluane",2022-07-10,7,10,2022,50,98,43,32,11,19,17,41,47,42,NA,15.6666666666667,43.3333333333333,70.5
"105","IR","KLSrE15",2013,"Salix richardsonii","Kluane",2022-07-10,7,10,2022,86,155,72,38,135,200,120,46,56,50,NA,151.666666666667,50.6666666666667,113.5
"106","SAB","HE16Sa14",2016,"Salix arctica","Qikiqtaruk",2022-07-10,7,10,2022,6,21,19.5,12,13,7,25,23,20,22,NA,15,21.6666666666667,20.25
"107","SAB","H17Sa15",2017,"Salix arctica","Qikiqtaruk",2022-07-10,7,10,2022,8,17,13,6,NA,NA,NA,36,35,26,NA,NA,32.3333333333333,15
"108","SAB","KP17Sa6",2017,"Salix arctica","Kluane",2022-07-10,7,10,2022,6.5,19,17.7,6,17,9,16,49,31,30,NA,14,36.6666666666667,18.35
"109","SAB","HE16Sa6",2016,"Salix arctica","Qikiqtaruk",2022-07-10,7,10,2022,2.5,8,8,6,6,5,8,25,24,24,NA,6.33333333333333,24.3333333333333,8
"110","SAB","HE16Sa7",2016,"Salix arctica","Qikiqtaruk",2022-07-10,7,10,2022,4,6.5,23,12,19,20,NA,35,27,32,NA,NA,31.3333333333333,14.75
"111","SAB","H18Sa8",2018,"Salix arctica","Qikiqtaruk",2022-07-10,7,10,2022,4.5,13,13,8,13,11,14,30,29,21,NA,12.6666666666667,26.6666666666667,13
"112","AC","H15Sr29",2015,"Salix richardsonii","Qikiqtaruk",2022-07-10,7,10,2022,6,9,4,4,NA,NA,NA,22,21,19,NA,NA,20.6666666666667,6.5
"113","AC","HESr23",2013,"Salix richardsonii","Qikiqtaruk",2022-07-10,7,10,2022,7.5,9.5,12,12,12,21,19,21,25,18,NA,17.3333333333333,21.3333333333333,10.75
"114","AC","KLSrC13",2013,"Salix richardsonii","Kluane",2022-07-10,7,10,2022,80,129,133,85,180,150,70,40,53,57,NA,133.333333333333,50,131
"115","AB","H15Sp25",2015,"Salix pulchra","Qikiqtaruk",2022-07-10,7,10,2022,7.5,15.3,12.5,12,13,11,14,23,21,22,NA,12.6666666666667,22,13.9
"116","AB","PC16CESp7",2016,"Salix pulchra","Kluane",2022-07-10,7,10,2022,28,61.5,66,19,78,90,100,49,50,46,NA,89.3333333333333,48.3333333333333,63.75
"117","AB","H15Sp27",2015,"Salix pulchra","Qikiqtaruk",2022-07-10,7,10,2022,6,19,19.5,15,12,15,10,15,17,16,NA,12.3333333333333,16,19.25
"118","AB","HESp29",2013,"Salix pulchra","Qikiqtaruk",2022-07-10,7,10,2022,11,19.5,18,32,4,2,NA,24,29,49,NA,NA,34,18.75
"119","AB","H17Sp18",2017,"Salix pulchra","Qikiqtaruk",2022-07-10,7,10,2022,5,11.5,11.3,7,8,2,2,23,19,21,NA,4,21,11.4
"120","AB","H17Sp13",2017,"Salix pulchra","Qikiqtaruk",2022-07-10,7,10,2022,10,12,11,7,NA,NA,NA,22,20,15,NA,NA,19,11.5
"121","AB","H17Sp10",2017,"Salix pulchra","Qikiqtaruk",2022-07-10,7,10,2022,8,13,12.5,9,13,7,12,21,18,11,NA,10.6666666666667,16.6666666666667,12.75
"122","JB","H15Sa12",2015,"Salix arctica","Qikiqtaruk",2022-07-10,7,10,2022,6,18,17,22,14,19,17,23,28,37,NA,16.6666666666667,29.3333333333333,17.5
"123","JB","K15PSa9",2015,"Salix arctica","Kluane",2022-07-10,7,10,2022,8.5,36.3,35.5,17,25,23,24,87,70,65,NA,24,74,35.9
"124","JB","H17Sa20",2017,"Salix arctica","Qikiqtaruk",2022-07-10,7,10,2022,6,30,27,11,50,23,22,44,42,67,NA,31.6666666666667,51,28.5
"125","JB","H15Sa7",2015,"Salix arctica","Qikiqtaruk",2022-07-10,7,10,2022,5.5,18,11,8,5,5,19,36,33,23,NA,9.66666666666667,30.6666666666667,14.5
"126","JB","H15Sa10",2015,"Salix arctica","Qikiqtaruk",2022-07-10,7,10,2022,6.1,31.5,33,14,44,21,14,34,31,30,NA,26.3333333333333,31.6666666666667,32.25
"127","JB","K15PSa15",2015,"Salix arctica","Kluane",2022-07-10,7,10,2022,5.5,19.2,18,9,6,14,12,46,40,32,NA,10.6666666666667,39.3333333333333,18.6
"128","JB","K15PSa12",2015,"Salix arctica","Kluane",2022-07-10,7,10,2022,6.5,27.5,30,13,4,9,6,43,40,42,NA,6.33333333333333,41.6666666666667,28.75
"129","EW","KP16Sr60",2016,"Salix richardsonii","Kluane",2022-07-10,7,10,2022,54,43,31.5,18,78,60,165,43,44,33,NA,101,40,37.25
"130","EW","KP16Sr58",2016,"Salix richardsonii","Kluane",2022-07-10,7,10,2022,46,65,48,21,250,230,250,40,32,41,NA,243.333333333333,37.6666666666667,56.5
"131","EW","KP16Sr57",2016,"Salix richardsonii","Kluane",2022-07-10,7,10,2022,70,73,67,31,210,210,310,51,39,40,NA,243.333333333333,43.3333333333333,70
"132","EW","H17Sr37",2017,"Salix richardsonii","Qikiqtaruk",2022-07-10,7,10,2022,6.5,11.5,9.2,8,9,14,7,27,25,16,NA,10,22.6666666666667,10.35
"133","EW","KP18Sa8",2018,"Salix richardsonii","Kluane",2022-07-10,7,10,2022,9.5,24,17,9,11,7,10,20,19,21,NA,9.33333333333333,20,20.5
"134","EW","H18Sr27",2018,"Salix richardsonii","Qikiqtaruk",2022-07-10,7,10,2022,17,19,13,8,35,21,12,32,29,32,NA,22.6666666666667,31,16
"135","IMS","KLSpE2",2013,"Salix pulchra","Kluane",2022-07-17,7,17,2022,34,126,81,50,34,29,12,19,30,30,NA,25,26.3333333333333,103.5
"136","IMS","KLSpE3",2013,"Salix pulchra","Kluane",2022-07-17,7,17,2022,12.5,9.5,8.5,7,10,11,9,29,22,11,NA,10,20.6666666666667,9
"137","IMS","KLSpE4",2013,"Salix pulchra","Kluane",2022-07-17,7,17,2022,47.1,80.5,61,30,15,5,12,39,26,27,NA,10.6666666666667,30.6666666666667,70.75
"138","LB","KP16Sr41",2016,"Salix richardsonii","Kluane",2022-07-17,7,17,2022,30,34,22.5,12,66,92,25,40,31,24,NA,61,31.6666666666667,28.25
"139","LB","KLSrE4",2013,"Salix richardsonii","Kluane",2022-07-17,7,17,2022,114.5,181.5,221,121,139,100,65,50,43,47,NA,101.333333333333,46.6666666666667,201.25
"140","LB","KP17Sr2",2017,"Salix richardsonii","Kluane",2022-07-17,7,17,2022,27.2,29,32.5,15,60,21,40,47,41,27,NA,40.3333333333333,38.3333333333333,30.75
"141","LB","H17Sr4",2017,"Salix richardsonii","Qikiqtaruk",2022-07-17,7,17,2022,5.2,15.5,5.6,23,NA,NA,NA,22,29,20,NA,NA,23.6666666666667,10.55
"142","SL","PC17Sp1",2017,"Salix pulchra","Kluane",2022-07-17,7,17,2022,25,37,40,9,143,114,320,27,45,58,NA,192.333333333333,43.3333333333333,38.5
"143","SL","KP17Sp5",2017,"Salix pulchra","Kluane",2022-07-17,7,17,2022,36,45,29,15,106,65,72,50,48,60,NA,81,52.6666666666667,37
"144","SL","H18Sp15",2018,"Salix pulchra","Qikiqtaruk",2022-07-17,7,17,2022,NA,NA,NA,NA,NA,NA,NA,NA,NA,NA,NA,NA,NA,NA
"145","GD","KP16Sr37",2016,"Salix richardsonii","Kluane",2022-07-17,7,17,2022,86,60,68,29,115,82,36,35,37,40,NA,77.6666666666667,37.3333333333333,64
"146","GD","H17Sr9",2017,"Salix richardsonii","Qikiqtaruk",2022-07-17,7,17,2022,20,30,30,13,36,17,56,31,29,26,NA,36.3333333333333,28.6666666666667,30
"147","GD","H18Sr8",2018,"Salix richardsonii","Qikiqtaruk",2022-07-17,7,17,2022,5.2,13,13,7,16,6,30,24,17,21,NA,17.3333333333333,20.6666666666667,13
"148","SW","H15Sr19",2015,"Salix richardsonii","Qikiqtaruk",2022-07-17,7,17,2022,6,15.5,14,17,6,9,6,17,22,19,NA,7,19.3333333333333,14.75
"149","SW","H15Sr20",2015,"Salix richardsonii","Qikiqtaruk",2022-07-17,7,17,2022,6.5,5.9,9.5,11,5,3,NA,18,20,17,NA,NA,18.3333333333333,7.7
"150","SW","HESr8",2013,"Salix richardsonii","Qikiqtaruk",2022-07-17,7,17,2022,14.3,26,19.5,21,14,5,NA,23,21,18,NA,NA,20.6666666666667,22.75
"151","SW","KLSrE6",2013,"Salix richardsonii","Kluane",2022-07-17,7,17,2022,82.2,119,93,55,54,30,38,45,45,44,NA,40.6666666666667,44.6666666666667,106
"152","CF","H15Sp15",2015,"Salix pulchra","Qikiqtaruk",2022-07-17,7,17,2022,NA,NA,NA,NA,NA,NA,NA,NA,NA,NA,NA,NA,NA,NA
"153","CF","KLSpE8",2013,"Salix pulchra","Kluane",2022-07-17,7,17,2022,36,104,26,57,17,43,53,38,43,41,NA,37.6666666666667,40.6666666666667,65
"154","CF","H17SP9",2017,"Salix pulchra","Qikiqtaruk",2022-07-17,7,17,2022,20,16,18,10,27,26,23,28,24,24,NA,25.3333333333333,25.3333333333333,17
"155","JA","K17Sa5",2017,"Salix arctica","Kluane",2022-07-17,7,17,2022,3.8,8,7,7,7,4,NA,28,23,18,NA,NA,23,7.5
"156","JA","KP17Sa4",2017,"Salix arctica","Kluane",2022-07-17,7,17,2022,2.5,9.5,6,12,8,6,NA,25,20,25,NA,NA,23.3333333333333,7.75
"157","JA","PC16CESa2",2016,"Salix arctica","Kluane",2022-07-17,7,17,2022,9,34,31,9,44,21,22,76,71,60,NA,29,69,32.5
"158","JA","H17Sa9",2017,"Salix arctica","Qikiqtaruk",2022-07-17,7,17,2022,9,24,27,8,25,29,36,30,33,28,NA,30,30.3333333333333,25.5
"159","JA","PC17Sa7",2017,"Salix arctica","Kluane",2022-07-17,7,17,2022,7,24,24,9,17,18,30,39,47,38,NA,21.6666666666667,41.3333333333333,24
"160","JA","KP18Sa4",2018,"Salix arctica","Kluane",2022-07-17,7,17,2022,4.5,13,9.5,10,12,8,10,32,44,36,NA,10,37.3333333333333,11.25
"161","JG","HE16Sp17",2016,"Salix pulchra","Qikiqtaruk",2022-07-17,7,17,2022,7,12,13.1,8,8,15,13,22,17,24,NA,12,21,12.55
"162","JG","H18Sp18",2018,"Salix pulchra","Qikiqtaruk",2022-07-17,7,17,2022,4,3.5,3,5,NA,NA,NA,15,15,13,NA,NA,14.3333333333333,3.25
"163","JG","KP18Sp4",2018,"Salix pulchra","Kluane",2022-07-17,7,17,2022,27.2,25,39.5,13,113,134,35,32,37,43,NA,94,37.3333333333333,32.25
"164","JG","KP18Sp2",2018,"Salix pulchra","Kluane",2022-07-17,7,17,2022,61.5,58.5,55,20,180,420,410,52,32,24,NA,336.666666666667,36,56.75
"165","JG","KP18Sp1",2018,"Salix pulchra","Kluane",2022-07-17,7,17,2022,28.1,46.4,43.5,18,165,27,110,46,23,32,NA,100.666666666667,33.6666666666667,44.95
"166","JG","H18Sp16",2018,"Salix pulchra","Qikiqtaruk",2022-07-17,7,17,2022,11.5,6,8.5,4,NA,NA,NA,29,22,15,NA,NA,22,7.25
"167","MG","KLSpE11",2013,"Salix pulchra","Kluane",2022-07-17,7,17,2022,NA,NA,NA,NA,NA,NA,NA,NA,NA,NA,NA,NA,NA,NA
"168","MG","KLSpE12",2013,"Salix pulchra","Kluane",2022-07-17,7,17,2022,40,97,50,19,140,30,50,35,31,36,NA,73.3333333333333,34,73.5
"169","MG","HESp17",2013,"Salix pulchra","Qikiqtaruk",2022-07-17,7,17,2022,7,6,8,9,10,NA,NA,24,16,12,NA,NA,17.3333333333333,7
"170","IR","KLSrC10",2013,"Salix richardsonii","Kluane",2022-07-17,7,17,2022,108,164,145,85,35,70,40,39,43,48,NA,48.3333333333333,43.3333333333333,154.5
"171","IR","KLSrE14",2013,"Salix richardsonii","Kluane",2022-07-17,7,17,2022,42,96,52,29,10,21,27,36,41,39,NA,19.3333333333333,38.6666666666667,74
"172","IR","KLSrE15",2013,"Salix richardsonii","Kluane",2022-07-17,7,17,2022,79,161,105,29,83,62,138,48,43,38,NA,94.3333333333333,43,133
"173","SAB","HE16Sa14",2016,"Salix arctica","Qikiqtaruk",2022-07-17,7,17,2022,5.5,22,17,15,37,19,7,25,26,21,NA,21,24,19.5
"174","SAB","H17Sa15",2017,"Salix arctica","Qikiqtaruk",2022-07-17,7,17,2022,9,18,11,7,25,9,25,44,25,34,NA,19.6666666666667,34.3333333333333,14.5
"175","SAB","KP17Sa6",2017,"Salix arctica","Kluane",2022-07-17,7,17,2022,4,18,16,10,17,15,10,46,45,47,NA,14,46,17
"176","SAB","HE16Sa6",2016,"Salix arctica","Qikiqtaruk",2022-07-17,7,17,2022,3.5,8,7.5,5,4,6,8,24,26,24,NA,6,24.6666666666667,7.75
"177","SAB","HE16Sa7",2016,"Salix arctica","Qikiqtaruk",2022-07-17,7,17,2022,4,23,13,8,24,7,9,31,26,31,NA,13.3333333333333,29.3333333333333,18
"178","SAB","H18Sa8",2018,"Salix arctica","Qikiqtaruk",2022-07-17,7,17,2022,6,14.5,12,7,16,8,12,30,35,21,NA,12,28.6666666666667,13.25
"179","AC","H15Sr29",2015,"Salix richardsonii","Qikiqtaruk",2022-07-17,7,17,2022,6.5,9.5,6,4,7,3,4,17,25,21,NA,4.66666666666667,21,7.75
"180","AC","HESr23",2013,"Salix richardsonii","Qikiqtaruk",2022-07-17,7,17,2022,8.4,12,11.5,13,11,8,14,19,18,25,NA,11,20.6666666666667,11.75
"181","AC","KLSrC13",2013,"Salix richardsonii","Kluane",2022-07-17,7,17,2022,83.5,132.5,146,68,100,120,150,58,44,59,NA,123.333333333333,53.6666666666667,139.25
"182","AB","H15Sp25",2015,"Salix pulchra","Qikiqtaruk",2022-07-17,7,17,2022,7.5,14.5,10.5,12,8,7,10,26,21,15,NA,8.33333333333333,20.6666666666667,12.5
"183","AB","PC16CESp7",2016,"Salix pulchra","Kluane",2022-07-17,7,17,2022,35,59.5,74,18.5,105,95,255,46,57,37,NA,151.666666666667,46.6666666666667,66.75
"184","AB","H15Sp27",2015,"Salix pulchra","Qikiqtaruk",2022-07-17,7,17,2022,7,18.5,19.2,15,13,9,6,21,21,13,NA,9.33333333333333,18.3333333333333,18.85
"185","AB","HESp29",2013,"Salix pulchra","Qikiqtaruk",2022-07-17,7,17,2022,9.5,20.5,18.5,15,25,50,10,27,49,29,NA,28.3333333333333,35,19.5
"186","AB","H17Sp18",2017,"Salix pulchra","Qikiqtaruk",2022-07-17,7,17,2022,NA,NA,NA,NA,NA,NA,NA,NA,NA,NA,NA,NA,NA,NA
"187","AB","H17Sp13",2017,"Salix pulchra","Qikiqtaruk",2022-07-17,7,17,2022,13,13.5,12,8,4,4,3,21,20,17,NA,3.66666666666667,19.3333333333333,12.75
"188","AB","H17Sp10",2017,"Salix pulchra","Qikiqtaruk",2022-07-17,7,17,2022,7.5,13.5,11,9,12,6,11,11,20,18,NA,9.66666666666667,16.3333333333333,12.25
"189","JB","H15Sa12",2015,"Salix arctica","Qikiqtaruk",2022-07-17,7,17,2022,5.5,20,14,9,18,14,13,30,44,25,NA,15,33,17
"190","JB","K15PSa9",2015,"Salix arctica","Kluane",2022-07-17,7,17,2022,9,36,36,19,15,28,14,84,79,67,NA,19,76.6666666666667,36
"191","JB","H17Sa20",2017,"Salix arctica","Qikiqtaruk",2022-07-17,7,17,2022,6,30,20,14,9,25,14,44,46,41,NA,16,43.6666666666667,25
"192","JB","H15Sa7",2015,"Salix arctica","Qikiqtaruk",2022-07-17,7,17,2022,5,19,12,9,12,9,7,24,21,26,NA,9.33333333333333,23.6666666666667,15.5
"193","JB","H15Sa10",2015,"Salix arctica","Qikiqtaruk",2022-07-17,7,17,2022,6.5,33,30.5,7,10,9,9,37,29,39,NA,9.33333333333333,35,31.75
"194","JB","K15PSa15",2015,"Salix arctica","Kluane",2022-07-17,7,17,2022,6,20.5,18,9,21,16,21,44,43,43,NA,19.3333333333333,43.3333333333333,19.25
"195","JB","K15PSa12",2015,"Salix arctica","Kluane",2022-07-17,7,17,2022,5,27.5,29.5,13,6,7,9,50,51,40,NA,7.33333333333333,47,28.5
"196","EW","KP16Sr60",2016,"Salix richardsonii","Kluane",2022-07-17,7,17,2022,50,39,40,19,190,125,90,32,27,43,NA,135,34,39.5
"197","EW","KP16Sr58",2016,"Salix richardsonii","Kluane",2022-07-17,7,17,2022,42,69,48,24,240,220,185,31,31,46,NA,215,36,58.5
"198","EW","KP16Sr57",2016,"Salix richardsonii","Kluane",2022-07-17,7,17,2022,70,79,60,39,320,160,210,41,39,36,NA,230,38.6666666666667,69.5
"199","EW","H17Sr37",2017,"Salix richardsonii","Qikiqtaruk",2022-07-17,7,17,2022,7.5,12,10.5,9,10,20,9,24,24,20,NA,13,22.6666666666667,11.25
"200","EW","KP18Sa8",2018,"Salix richardsonii","Kluane",2022-07-17,7,17,2022,10,23,14,7,24,21,23,20,15,21,NA,22.6666666666667,18.6666666666667,18.5
"201","EW","H18Sr27",2018,"Salix richardsonii","Qikiqtaruk",2022-07-17,7,17,2022,20,18,11,9,15,21,62,33,29,30,NA,32.6666666666667,30.6666666666667,14.5
"202","IMS","KLSpE2",2013,"Salix pulchra","Kluane",2022-07-23,7,23,2022,33,132.5,93,52,36,22,55,31,36,40,NA,37.6666666666667,35.6666666666667,112.75
"203","IMS","KLSpE3",2013,"Salix pulchra","Kluane",2022-07-23,7,23,2022,9.6,10.3,8.9,6,14,10,NA,24,26,29,NA,NA,26.3333333333333,9.6
"204","IMS","KLSpE4",2013,"Salix pulchra","Kluane",2022-07-23,7,23,2022,25,75,86,58,30,7,20,24,36,22,NA,19,27.3333333333333,80.5
"205","LB","KP16Sr41",2016,"Salix richardsonii","Kluane",2022-07-23,7,23,2022,29,23,22,11,59,99,42,37,24,35,NA,66.6666666666667,32,22.5
"206","LB","KLSrE4",2013,"Salix richardsonii","Kluane",2022-07-23,7,23,2022,107,235,210,102,140,150,90,45,44,52,NA,126.666666666667,47,222.5
"207","LB","KP17Sr2",2017,"Salix richardsonii","Kluane",2022-07-23,7,23,2022,24,33,28,15,43,62,28,37,27,37,NA,44.3333333333333,33.6666666666667,30.5
"208","LB","H17Sr4",2017,"Salix richardsonii","Qikiqtaruk",2022-07-23,7,23,2022,5.5,16,6,13,9,7,7,22,19,28,NA,7.66666666666667,23,11
"209","SL","PC17Sp1",2017,"Salix pulchra","Kluane",2022-07-23,7,23,2022,24,47,38,28,85,130,330,65,40,37,NA,181.666666666667,47.3333333333333,42.5
"210","SL","KP17Sp5",2017,"Salix pulchra","Kluane",2022-07-23,7,23,2022,35,56,33,20,260,43,22,41,39,28,NA,108.333333333333,36,44.5
"211","SL","H18Sp15",2018,"Salix pulchra","Qikiqtaruk",2022-07-23,7,23,2022,NA,NA,NA,NA,NA,NA,NA,NA,NA,NA,NA,NA,NA,NA
"212","GD","KP16Sr37",2016,"Salix richardsonii","Kluane",2022-07-23,7,23,2022,74,69,67,30,200,130,160,36,40,42,NA,163.333333333333,39.3333333333333,68
"213","GD","H17Sr9",2017,"Salix richardsonii","Qikiqtaruk",2022-07-23,7,23,2022,19,30,30,15,40,32,31,28,32,19,NA,34.3333333333333,26.3333333333333,30
"214","GD","H18Sr8",2018,"Salix richardsonii","Qikiqtaruk",2022-07-23,7,23,2022,5.5,14,13.5,7,8,10,5,22,20,25,NA,7.66666666666667,22.3333333333333,13.75
"215","SW","H15Sr19",2015,"Salix richardsonii","Qikiqtaruk",2022-07-23,7,23,2022,7.5,16,12,10,6,12,6,20,16,23,NA,8,19.6666666666667,14
"216","SW","H15Sr20",2015,"Salix richardsonii","Qikiqtaruk",2022-07-23,7,23,2022,3,9,4,13,8,5,NA,19,24,17,NA,NA,20,6.5
"217","SW","HESr8",2013,"Salix richardsonii","Qikiqtaruk",2022-07-23,7,23,2022,12,24,19,23,18,8,6,23,20,20,NA,10.6666666666667,21,21.5
"218","SW","KLSrE6",2013,"Salix richardsonii","Kluane",2022-07-23,7,23,2022,79,112,97,46,20,117,51,44,41,42,NA,62.6666666666667,42.3333333333333,104.5
"219","CF","H15Sp15",2015,"Salix pulchra","Qikiqtaruk",2022-07-23,7,23,2022,NA,NA,NA,NA,NA,NA,NA,NA,NA,NA,NA,NA,NA,NA
"220","CF","KLSpE8",2013,"Salix pulchra","Kluane",2022-07-23,7,23,2022,13,110,26,39,40,73,20,37,33,38,NA,44.3333333333333,36,68
"221","CF","H17SP9",2017,"Salix pulchra","Qikiqtaruk",2022-07-23,7,23,2022,16,16,15,10,24,17,15,20,23,22,NA,18.6666666666667,21.6666666666667,15.5
"222","JA","K17Sa5",2017,"Salix arctica","Kluane",2022-07-23,7,23,2022,3.5,8,7.9,7,4,3,3,27,24,28,"7",3.33333333333333,26.3333333333333,7.95
"223","JA","KP17Sa4",2017,"Salix arctica","Kluane",2022-07-23,7,23,2022,2.5,10.5,7,8,4,8,11,21,23,24,"8",7.66666666666667,22.6666666666667,8.75
"224","JA","PC16CESa2",2016,"Salix arctica","Kluane",2022-07-23,7,23,2022,9.1,32.5,31,8,51,18,23,71,79,58,"8",30.6666666666667,69.3333333333333,31.75
"225","JA","H17Sa9",2017,"Salix arctica","Qikiqtaruk",2022-07-23,7,23,2022,9.1,27.5,26,7,21,53,37,31,25,27,"7",37,27.6666666666667,26.75
"226","JA","PC17Sa7",2017,"Salix arctica","Kluane",2022-07-23,7,23,2022,6.1,24,24.1,11,19,23,16,38,39,34,"11",19.3333333333333,37,24.05
"227","JA","KP18Sa4",2018,"Salix arctica","Kluane",2022-07-23,7,23,2022,4.5,13.2,10.5,10,14,10,8,40,32,19,"10",10.6666666666667,30.3333333333333,11.85
"228","JG","HE16Sp17",2016,"Salix pulchra","Qikiqtaruk",2022-07-23,7,23,2022,5.5,14.5,10.4,9,15,13,27,24,19,25,NA,18.3333333333333,22.6666666666667,12.45
"229","JG","H18Sp18",2018,"Salix pulchra","Qikiqtaruk",2022-07-23,7,23,2022,3,2.9,3,4,8,NA,NA,11,16,16,NA,NA,14.3333333333333,2.95
"230","JG","KP18Sp4",2018,"Salix pulchra","Kluane",2022-07-23,7,23,2022,4.5,13.2,10.5,10,14,10,8,40,32,19,"10",10.6666666666667,30.3333333333333,11.85
"231","JG","KP18Sp2",2018,"Salix pulchra","Kluane",2022-07-23,7,23,2022,4.5,13,9.5,12,6,9,8,21,25,11,"12",7.66666666666667,19,11.25
"232","JG","KP18Sp1",2018,"Salix pulchra","Kluane",2022-07-23,7,23,2022,24.8,44,37.5,12,170,57,94,40,32,24,NA,107,32,40.75
"233","JG","H18Sp16",2018,"Salix pulchra","Qikiqtaruk",2022-07-23,7,23,2022,9,7,6.5,4,10,7,NA,31,14,24,NA,NA,23,6.75
"234","MG","KLSpE11",2013,"Salix pulchra","Kluane",2022-07-23,7,23,2022,NA,NA,NA,NA,NA,NA,NA,NA,NA,NA,NA,NA,NA,NA
"235","MG","KLSpE12",2013,"Salix pulchra","Kluane",2022-07-23,7,23,2022,37.5,101,55.5,15,22,201,250,40,31,32,NA,157.666666666667,34.3333333333333,78.25
"236","MG","HESp17",2013,"Salix pulchra","Qikiqtaruk",2022-07-23,7,23,2022,5,9,6.5,9,5,5,2,11,12,14,NA,4,12.3333333333333,7.75
"237","IR","KLSrC10",2013,"Salix richardsonii","Kluane",2022-07-23,7,23,2022,113.5,171,121,100,95,100,50,44,49,39,NA,81.6666666666667,44,146
"238","IR","KLSrE14",2013,"Salix richardsonii","Kluane",2022-07-23,7,23,2022,38,97,60,30,63,47,25,52,47,39,NA,45,46,78.5
"239","IR","KLSrE15",2013,"Salix richardsonii","Kluane",2022-07-23,7,23,2022,82.5,150,82,29,160,140,190,43,39,45,NA,163.333333333333,42.3333333333333,116
"240","SAB","HE16Sa14",2016,"Salix arctica","Qikiqtaruk",2022-07-23,7,23,2022,4.9,22,18,13,11,12,20,18,26,19,NA,14.3333333333333,21,20
"241","SAB","H17Sa15",2017,"Salix arctica","Qikiqtaruk",2022-07-23,7,23,2022,6.8,19,14,9,38,13,14,35,38,23,NA,21.6666666666667,32,16.5
"242","SAB","KP17Sa6",2017,"Salix arctica","Kluane",2022-07-23,7,23,2022,4,19.9,16,7,10,15,10,38,36,44,NA,11.6666666666667,39.3333333333333,17.95
"243","SAB","HE16Sa6",2016,"Salix arctica","Qikiqtaruk",2022-07-23,7,23,2022,2.5,7.5,8,5,7,6,11,23,22,14,NA,8,19.6666666666667,7.75
"244","SAB","HE16Sa7",2016,"Salix arctica","Qikiqtaruk",2022-07-23,7,23,2022,4,23.5,15.5,9,12,27,17,26,33,34,NA,18.6666666666667,31,19.5
"245","SAB","H18Sa8",2018,"Salix arctica","Qikiqtaruk",2022-07-23,7,23,2022,4.3,14,15,10,23,7,24,29,31,33,NA,18,31,14.5
"246","AC","H15Sr29",2015,"Salix richardsonii","Qikiqtaruk",2022-07-23,7,23,2022,6.4,9,6.5,5,11,16,20,26,20,21,NA,15.6666666666667,22.3333333333333,7.75
"247","AC","HESr23",2013,"Salix richardsonii","Qikiqtaruk",2022-07-23,7,23,2022,6.5,10.4,10.6,6,50,18,14,21,23,24,NA,27.3333333333333,22.6666666666667,10.5
"248","AC","KLSrC13",2013,"Salix richardsonii","Kluane",2022-07-23,7,23,2022,83.5,135,137,145,190,210,110,75,50,65,NA,170,63.3333333333333,136
"249","AB","H15Sp25",2015,"Salix pulchra","Qikiqtaruk",2022-07-23,7,23,2022,7,17.3,11.5,18,22,30,20,25,23,21,NA,24,23,14.4
"250","AB","PC16CESp7",2016,"Salix pulchra","Kluane",2022-07-23,7,23,2022,55,76,65,20,260,260,255,57,64,58,NA,258.333333333333,59.6666666666667,70.5
"251","AB","H15Sp27",2015,"Salix pulchra","Qikiqtaruk",2022-07-23,7,23,2022,6.5,19,18.5,12,7,41,26,21,18,15,NA,24.6666666666667,18,18.75
"252","AB","HESp29",2013,"Salix pulchra","Qikiqtaruk",2022-07-23,7,23,2022,10,21,19,16,27,52,32,29,27,30,NA,37,28.6666666666667,20
"253","AB","H17Sp18",2017,"Salix pulchra","Qikiqtaruk",2022-07-23,7,23,2022,4.5,11,9.9,9,7,18,18,20,19,23,NA,14.3333333333333,20.6666666666667,10.45
"254","AB","H17Sp13",2017,"Salix pulchra","Qikiqtaruk",2022-07-23,7,23,2022,11,12.5,12,8,37,18,26,19,20,22,NA,27,20.3333333333333,12.25
"255","AB","H17Sp10",2017,"Salix pulchra","Qikiqtaruk",2022-07-23,7,23,2022,5.2,13.5,11,8,39,35,23,24,22,13,NA,32.3333333333333,19.6666666666667,12.25
"256","JB","H15Sa12",2015,"Salix arctica","Qikiqtaruk",2022-07-23,7,23,2022,4.5,20.5,16,8,10,20,16,23,27,40,NA,15.3333333333333,30,18.25
"257","JB","K15PSa9",2015,"Salix arctica","Kluane",2022-07-23,7,23,2022,6.5,37.9,35.5,15,19,23,9,85,81,78,NA,17,81.3333333333333,36.7
"258","JB","H17Sa20",2017,"Salix arctica","Qikiqtaruk",2022-07-23,7,23,2022,4.9,29.5,27,12,11,58,24,65,47,40,NA,31,50.6666666666667,28.25
"259","JB","H15Sa7",2015,"Salix arctica","Qikiqtaruk",2022-07-23,7,23,2022,4,19,13,10,10,6,6,38,21,16,NA,7.33333333333333,25,16
"260","JB","H15Sa10",2015,"Salix arctica","Qikiqtaruk",2022-07-23,7,23,2022,7,33,32,12,8,24,22,29,39,37,NA,18,35,32.5
"261","JB","K15PSa15",2015,"Salix arctica","Kluane",2022-07-23,7,23,2022,6,17.5,20.5,10,9,12,13,38,30,43,NA,11.3333333333333,37,19
"262","JB","K15PSa12",2015,"Salix arctica","Kluane",2022-07-23,7,23,2022,5,30,27,12,15,17,10,53,50,31,NA,14,44.6666666666667,28.5
"263","EW","KP16Sr60",2016,"Salix richardsonii","Kluane",2022-07-23,7,23,2022,54.5,44,33,21,170,100,100,39,43,47,NA,123.333333333333,43,38.5
"264","EW","KP16Sr58",2016,"Salix richardsonii","Kluane",2022-07-23,7,23,2022,43,53,69,27,230,220,240,40,31,25,NA,230,32,61
"265","EW","KP16Sr57",2016,"Salix richardsonii","Kluane",2022-07-23,7,23,2022,74.5,79.5,56,39,220,90,270,48,47,30,NA,193.333333333333,41.6666666666667,67.75
"266","EW","H17Sr37",2017,"Salix richardsonii","Qikiqtaruk",2022-07-23,7,23,2022,6.5,12,10.5,9,9,8,11,25,15,22,NA,9.33333333333333,20.6666666666667,11.25
"267","EW","KP18Sa8",2018,"Salix richardsonii","Kluane",2022-07-23,7,23,2022,8.3,23,19,6,25,14,21,21,23,16,NA,20,20,21
"268","EW","H18Sr27",2018,"Salix richardsonii","Qikiqtaruk",2022-07-23,7,23,2022,7.5,19,13,8,14,23,35,31,30,30,NA,24,30.3333333333333,16
"269","IMS","KLSpE2",2013,"Salix pulchra","Kluane",2022-07-31,7,31,2022,34,132,69.5,55,57,290,115,30,37,43,NA,154,36.6666666666667,100.75
"270","IMS","KLSpE3",2013,"Salix pulchra","Kluane",2022-07-31,7,31,2022,9.5,10,7.5,8,13,6,7,25,23,26,NA,8.66666666666667,24.6666666666667,8.75
"271","IMS","KLSpE4",2013,"Salix pulchra","Kluane",2022-07-31,7,31,2022,46.5,85,77,27,20,16,13,26,29,39,NA,16.3333333333333,31.3333333333333,81
"272","LB","KP16Sr41",2016,"Salix richardsonii","Kluane",2022-07-31,7,31,2022,29,29.5,23.5,18,68,91,44,41,33,37,NA,67.6666666666667,37,26.5
"273","LB","KLSrE4",2013,"Salix richardsonii","Kluane",2022-07-31,7,31,2022,125,244,246,97,63,76,170,52,31,49,NA,103,44,245
"274","LB","KP17Sr2",2017,"Salix richardsonii","Kluane",2022-07-31,7,31,2022,NA,NA,NA,NA,NA,NA,NA,NA,NA,NA,NA,NA,NA,NA
"275","LB","H17Sr4",2017,"Salix richardsonii","Qikiqtaruk",2022-07-31,7,31,2022,5,16.3,6.5,12,13,18,16,28,22,21,NA,15.6666666666667,23.6666666666667,11.4
"276","SL","PC17Sp1",2017,"Salix pulchra","Kluane",2022-07-31,7,31,2022,26,52.5,39.5,8,400,220,180,59,54,59,NA,266.666666666667,57.3333333333333,46
"277","SL","KP17Sp5",2017,"Salix pulchra","Kluane",2022-07-31,7,31,2022,30.5,56.5,34,14,250,38,160,40,39,41,NA,149.333333333333,40,45.25
"278","SL","H18Sp15",2018,"Salix pulchra","Qikiqtaruk",2022-07-31,7,31,2022,NA,NA,NA,NA,NA,NA,NA,NA,NA,NA,NA,NA,NA,NA
"279","GD","KP16Sr37",2016,"Salix richardsonii","Kluane",2022-07-31,7,31,2022,82,71,75,31,180,105,130,37,39,42,NA,138.333333333333,39.3333333333333,73
"280","GD","H17Sr9",2017,"Salix richardsonii","Qikiqtaruk",2022-07-31,7,31,2022,17.5,31.5,32,12,22,31,34,28,31,29,NA,29,29.3333333333333,31.75
"281","GD","H18Sr8",2018,"Salix richardsonii","Qikiqtaruk",2022-07-31,7,31,2022,3.9,14,14.5,7,17,11,15,23,16,20,NA,14.3333333333333,19.6666666666667,14.25
"282","SW","H15Sr19",2015,"Salix richardsonii","Qikiqtaruk",2022-07-31,7,31,2022,7.1,13.5,15.5,12,30,11,7,21,19,20,NA,16,20,14.5
"283","SW","H15Sr20",2015,"Salix richardsonii","Qikiqtaruk",2022-07-31,7,31,2022,2.5,6,6.5,10,NA,NA,NA,24,14,21,NA,NA,19.6666666666667,6.25
"284","SW","HESr8",2013,"Salix richardsonii","Qikiqtaruk",2022-07-31,7,31,2022,13,21.5,22.5,19,22,18,10,24,22,21,NA,16.6666666666667,22.3333333333333,22
"285","SW","KLSrE6",2013,"Salix richardsonii","Kluane",2022-07-31,7,31,2022,82,102,109,52,75,60,80,51,38,45,NA,71.6666666666667,44.6666666666667,105.5
"286","CF","H15Sp15",2015,"Salix pulchra","Qikiqtaruk",2022-07-31,7,31,2022,NA,NA,NA,NA,NA,NA,NA,NA,NA,NA,NA,NA,NA,NA
"287","CF","KLSpE8",2013,"Salix pulchra","Kluane",2022-07-31,7,31,2022,18.5,111,35,54,44,72,22,37,35,32,NA,46,34.6666666666667,73
"288","CF","H17SP9",2017,"Salix pulchra","Qikiqtaruk",2022-07-31,7,31,2022,13,19.5,15.5,10,22,23,22,23,31,21,NA,22.3333333333333,25,17.5
"289","JA","K17Sa5",2017,"Salix arctica","Kluane",2022-07-31,7,31,2022,2.9,8.5,7.5,6,4,5,4,28,21,20,NA,4.33333333333333,23,8
"290","JA","KP17Sa4",2017,"Salix arctica","Kluane",2022-07-31,7,31,2022,2.5,10,7,6,5,7,NA,26,21,21,NA,NA,22.6666666666667,8.5
"291","JA","PC16CESa2",2016,"Salix arctica","Kluane",2022-07-31,7,31,2022,8,31.5,37,10,26,36,35,55,66,55,NA,32.3333333333333,58.6666666666667,34.25
"292","JA","H17Sa9",2017,"Salix arctica","Qikiqtaruk",2022-07-31,7,31,2022,10.5,27.2,26,14,91,34,65,33,29,23,NA,63.3333333333333,28.3333333333333,26.6
"293","JA","PC17Sa7",2017,"Salix arctica","Kluane",2022-07-31,7,31,2022,6.5,27.5,26.5,10,32,28,14,35,37,44,NA,24.6666666666667,38.6666666666667,27
"294","JA","KP18Sa4",2018,"Salix arctica","Kluane",2022-07-31,7,31,2022,3.5,9.9,13,9,19,12,10,40,37,31,NA,13.6666666666667,36,11.45
"295","JG","HE16Sp17",2016,"Salix pulchra","Qikiqtaruk",2022-07-31,7,31,2022,6,14.5,11,9,20,13,24,15,22,21,NA,19,19.3333333333333,12.75
"296","JG","H18Sp18",2018,"Salix pulchra","Qikiqtaruk",2022-07-31,7,31,2022,3.5,3.6,3.1,4,NA,NA,NA,13,12,12,NA,NA,12.3333333333333,3.35
"297","JG","KP18Sp4",2018,"Salix pulchra","Kluane",2022-07-31,7,31,2022,26,30.5,35.5,10,200,200,160,50,36,NA,NA,186.666666666667,NA,33
"298","JG","KP18Sp2",2018,"Salix pulchra","Kluane",2022-07-31,7,31,2022,67,65.5,61,20,480,330,430,45,52,48,NA,413.333333333333,48.3333333333333,63.25
"299","JG","KP18Sp1",2018,"Salix pulchra","Kluane",2022-07-31,7,31,2022,26.5,42.5,48,20,185,60,100,40,35,39,NA,115,38,45.25
"300","JG","H18Sp16",2018,"Salix pulchra","Qikiqtaruk",2022-07-31,7,31,2022,11.5,6.5,9.5,5,10,9,NA,21,22,26,NA,NA,23,8
"301","MG","KLSpE11",2013,"Salix pulchra","Kluane",2022-07-31,7,31,2022,NA,NA,NA,NA,NA,NA,NA,NA,NA,NA,NA,NA,NA,NA
"302","MG","KLSpE12",2013,"Salix pulchra","Kluane",2022-07-31,7,31,2022,30,96,62,43,240,16,46,27,46,31,NA,100.666666666667,34.6666666666667,79
"303","MG","HESp17",2013,"Salix pulchra","Qikiqtaruk",2022-07-31,7,31,2022,4,6.5,4.5,9,6,4,NA,18,22,16,"Bottom leaves gone",NA,18.6666666666667,5.5
"304","IR","KLSrC10",2013,"Salix richardsonii","Kluane",2022-07-31,7,31,2022,105,164,166,82,65,60,70,44,49,36,NA,65,43,165
"305","IR","KLSrE14",2013,"Salix richardsonii","Kluane",2022-07-31,7,31,2022,26,99,33,33,12,13,15,37,47,39,NA,13.3333333333333,41,66
"306","IR","KLSrE15",2013,"Salix richardsonii","Kluane",2022-07-31,7,31,2022,90,157,78,36,150,130,80,48,40,51,NA,120,46.3333333333333,117.5
"307","SAB","HE16Sa14",2016,"Salix arctica","Qikiqtaruk",2022-07-31,7,31,2022,4.5,21.5,20,7,55,19,9,21,19,29,NA,27.6666666666667,23,20.75
"308","SAB","H17Sa15",2017,"Salix arctica","Qikiqtaruk",2022-07-31,7,31,2022,6.9,25,13,13,38,37,35,34,35,25,NA,36.6666666666667,31.3333333333333,19
"309","SAB","KP17Sa6",2017,"Salix arctica","Kluane",2022-07-31,7,31,2022,6,19,20,12,19,23,11,37,38,34,NA,17.6666666666667,36.3333333333333,19.5
"310","SAB","HE16Sa6",2016,"Salix arctica","Qikiqtaruk",2022-07-31,7,31,2022,2,8,8.5,6,15,10,4,21,22,22,NA,9.66666666666667,21.6666666666667,8.25
"311","SAB","HE16Sa7",2016,"Salix arctica","Qikiqtaruk",2022-07-31,7,31,2022,4,24,15,10,15,17,27,36,28,26,NA,19.6666666666667,30,19.5
"312","SAB","H18Sa8",2018,"Salix arctica","Qikiqtaruk",2022-07-31,7,31,2022,4.5,15.5,13.5,10,18,25,46,28,29,27,NA,29.6666666666667,28,14.5
"313","AC","H15Sr29",2015,"Salix richardsonii","Qikiqtaruk",2022-07-31,7,31,2022,3.5,8.5,6,4,8,6,8,25,20,18.5,"Only top 4 leaves remains",7.33333333333333,21.1666666666667,7.25
"314","AC","HESr23",2013,"Salix richardsonii","Qikiqtaruk",2022-07-31,7,31,2022,8.5,9,10,4,10,8,15,20,25,17,NA,11,20.6666666666667,9.5
"315","AC","KLSrC13",2013,"Salix richardsonii","Kluane",2022-07-31,7,31,2022,76,147,130,73,210,110,60,46,57,53,NA,126.666666666667,52,138.5
"316","AB","H15Sp25",2015,"Salix pulchra","Qikiqtaruk",2022-07-31,7,31,2022,7.5,15,11,15,8,10,19,17,23,22,NA,12.3333333333333,20.6666666666667,13
"317","AB","PC16CESp7",2016,"Salix pulchra","Kluane",2022-07-31,7,31,2022,27,71,66,20,290,290,60,52,39,35,NA,213.333333333333,42,68.5
"318","AB","H15Sp27",2015,"Salix pulchra","Qikiqtaruk",2022-07-31,7,31,2022,5,18,18,16,9,9,12,16,14,21,NA,10,17,18
"319","AB","HESp29",2013,"Salix pulchra","Qikiqtaruk",2022-07-31,7,31,2022,10,16,17,25,16,17,10,46,28,23,NA,14.3333333333333,32.3333333333333,16.5
"320","AB","H17Sp18",2017,"Salix pulchra","Qikiqtaruk",2022-07-31,7,31,2022,4,11,6,8,19,16,9,18,20,21,NA,14.6666666666667,19.6666666666667,8.5
"321","AB","H17Sp13",2017,"Salix pulchra","Qikiqtaruk",2022-07-31,7,31,2022,10,11.5,9,9,5,11,7,20,17,18,"Top leaves gone",7.66666666666667,18.3333333333333,10.25
"322","AB","H17Sp10",2017,"Salix pulchra","Qikiqtaruk",2022-07-31,7,31,2022,5,12,10,8,12,8,8,16,17,9,NA,9.33333333333333,14,11
"323","JB","H15Sa12",2015,"Salix arctica","Qikiqtaruk",2022-07-31,7,31,2022,5.5,20.5,17,12,17,33,34,20,32,29,NA,28,27,18.75
"324","JB","K15PSa9",2015,"Salix arctica","Kluane",2022-07-31,7,31,2022,8,36.5,36.5,17,17,16,23,87,63,60,NA,18.6666666666667,70,36.5
"325","JB","H17Sa20",2017,"Salix arctica","Qikiqtaruk",2022-07-31,7,31,2022,5,36.5,38,13,30,58,41,47,53,45,NA,43,48.3333333333333,37.25
"326","JB","H15Sa7",2015,"Salix arctica","Qikiqtaruk",2022-07-31,7,31,2022,5,20,12.5,11,10,30,37,33,32,29,NA,25.6666666666667,31.3333333333333,16.25
"327","JB","H15Sa10",2015,"Salix arctica","Qikiqtaruk",2022-07-31,7,31,2022,6,34.5,31.5,11,61,20,39,33,29,46,NA,40,36,33
"328","JB","K15PSa15",2015,"Salix arctica","Kluane",2022-07-31,7,31,2022,5.9,22,18.5,7,19,11,19,39,35,33,NA,16.3333333333333,35.6666666666667,20.25
"329","JB","K15PSa12",2015,"Salix arctica","Kluane",2022-07-31,7,31,2022,5.2,29,30.5,13,14,32,22,44,38,47,NA,22.6666666666667,43,29.75
"330","EW","KP16Sr60",2016,"Salix richardsonii","Kluane",2022-07-31,7,31,2022,48,38,33,37,150,120,100,49,29,46,NA,123.333333333333,41.3333333333333,35.5
"331","EW","KP16Sr58",2016,"Salix richardsonii","Kluane",2022-07-31,7,31,2022,45,66,52,33,225,210,305,49,47,41,NA,246.666666666667,45.6666666666667,59
"332","EW","KP16Sr57",2016,"Salix richardsonii","Kluane",2022-07-31,7,31,2022,73,81,55,42,220,200,195,48,41,36,NA,205,41.6666666666667,68
"333","EW","H17Sr37",2017,"Salix richardsonii","Qikiqtaruk",2022-07-31,7,31,2022,6.5,11.5,9,9.5,19,16,6,25,22,16,NA,13.6666666666667,21,10.25
"334","EW","KP18Sa8",2018,"Salix richardsonii","Kluane",2022-07-31,7,31,2022,9,22,13,7,13,24,12,20,14.5,22,NA,16.3333333333333,18.8333333333333,17.5
"335","EW","H18Sr27",2018,"Salix richardsonii","Qikiqtaruk",2022-07-31,7,31,2022,16,17,12,9,41,19,20,29,30,31,NA,26.6666666666667,30,14.5
"336","IMS","KLSpE2",2013,"Salix pulchra","Kluane",2022-08-12,8,12,2022,30,131,75,49,300,84,135,30,29,43,NA,173,34,103
"337","IMS","KLSpE3",2013,"Salix pulchra","Kluane",2022-08-12,8,12,2022,7,10,7,5,3,6,6,27,28,18,NA,5,24.3333333333333,8.5
"338","IMS","KLSpE4",2013,"Salix pulchra","Kluane",2022-08-12,8,12,2022,45,90,83,47,9,18,12,35,33,28,NA,13,32,86.5
"339","LB","KP16Sr41",2016,"Salix richardsonii","Kluane",2022-08-12,8,12,2022,29,31.5,23,10,100,110,80,35,41,39,NA,96.6666666666667,38.3333333333333,27.25
"340","LB","KLSrE4",2013,"Salix richardsonii","Kluane",2022-08-12,8,12,2022,110,230,227,125,95,70,105,46,45,52,NA,90,47.6666666666667,228.5
"341","LB","KP17Sr2",2017,"Salix richardsonii","Kluane",2022-08-12,8,12,2022,NA,NA,NA,NA,NA,NA,NA,NA,NA,NA,NA,NA,NA,NA
"342","LB","H17Sr4",2017,"Salix richardsonii","Qikiqtaruk",2022-08-12,8,12,2022,4,14,4,5,NA,NA,NA,21,28,23,NA,NA,24,9
"343","SL","PC17Sp1",2017,"Salix pulchra","Kluane",2022-08-12,8,12,2022,24.1,53.5,40,13,400,303,200,57,52,45,NA,301,51.3333333333333,46.75
"344","SL","KP17Sp5",2017,"Salix pulchra","Kluane",2022-08-12,8,12,2022,36,56,35,16,270,17,23,29,38,67,NA,103.333333333333,44.6666666666667,45.5
"345","SL","H18Sp15",2018,"Salix pulchra","Qikiqtaruk",2022-08-12,8,12,2022,NA,NA,NA,NA,NA,NA,NA,NA,NA,NA,NA,NA,NA,NA
"346","GD","KP16Sr37",2016,"Salix richardsonii","Kluane",2022-08-12,8,12,2022,84,62,73,31,300,103,209,46,35,61,NA,204,47.3333333333333,67.5
"347","GD","H17Sr9",2017,"Salix richardsonii","Qikiqtaruk",2022-08-12,8,12,2022,20.5,30,31,14,52,18,18,26,28,29,NA,29.3333333333333,27.6666666666667,30.5
"348","GD","H18Sr8",2018,"Salix richardsonii","Qikiqtaruk",2022-08-12,8,12,2022,4.5,13,12,7,15,11,21,23,23,16,NA,15.6666666666667,20.6666666666667,12.5
"349","SW","H15Sr19",2015,"Salix richardsonii","Qikiqtaruk",2022-08-12,8,12,2022,7.5,14,11.5,9,10,8,5,20,19,21,NA,7.66666666666667,20,12.75
"350","SW","H15Sr20",2015,"Salix richardsonii","Qikiqtaruk",2022-08-12,8,12,2022,NA,NA,NA,NA,NA,NA,NA,NA,NA,NA,NA,NA,NA,NA
"351","SW","HESr8",2013,"Salix richardsonii","Qikiqtaruk",2022-08-12,8,12,2022,NA,21,13,17,NA,NA,NA,NA,NA,NA,NA,NA,NA,17
"352","SW","KLSrE6",2013,"Salix richardsonii","Kluane",2022-08-12,8,12,2022,80,123,105,50,45,110,45,42,41,37,NA,66.6666666666667,40,114
"353","CF","H15Sp15",2015,"Salix pulchra","Qikiqtaruk",2022-08-12,8,12,2022,NA,21,22,11,NA,NA,NA,NA,NA,NA,NA,NA,NA,21.5
"354","CF","KLSpE8",2013,"Salix pulchra","Kluane",2022-08-12,8,12,2022,15,109,25,67,20,50,74,40,48,31,NA,48,39.6666666666667,67
"355","CF","H17SP9",2017,"Salix pulchra","Qikiqtaruk",2022-08-12,8,12,2022,12,17,11,9,8,24,11,24,27,19,NA,14.3333333333333,23.3333333333333,14
"356","JA","K17Sa5",2017,"Salix arctica","Kluane",2022-08-12,8,12,2022,4,9,8.5,10,7,5,2,21,30,28,NA,4.66666666666667,26.3333333333333,8.75
"357","JA","KP17Sa4",2017,"Salix arctica","Kluane",2022-08-12,8,12,2022,2.5,8,7.5,7,4,7,6,24,25,23,NA,5.66666666666667,24,7.75
"358","JA","PC16CESa2",2016,"Salix arctica","Kluane",2022-08-12,8,12,2022,7.5,35,39,12,46,62,55,59,56,69,NA,54.3333333333333,61.3333333333333,37
"359","JA","H17Sa9",2017,"Salix arctica","Qikiqtaruk",2022-08-12,8,12,2022,9,28,25,10,36,45,40,31,29,26,NA,40.3333333333333,28.6666666666667,26.5
"360","JA","PC17Sa7",2017,"Salix arctica","Kluane",2022-08-12,8,12,2022,5,26,26,14,19,23,15,37,42,45,NA,19,41.3333333333333,26
"361","JA","KP18Sa4",2018,"Salix arctica","Kluane",2022-08-12,8,12,2022,4,11,12,10,15,7,10,26,34,42,NA,10.6666666666667,34,11.5
"362","JG","HE16Sp17",2016,"Salix pulchra","Qikiqtaruk",2022-08-12,8,12,2022,6.5,13,9,9.5,15,7,20,20,22,15,NA,14,19,11
"363","JG","H18Sp18",2018,"Salix pulchra","Qikiqtaruk",2022-08-12,8,12,2022,3,2.5,2,4,3,2,NA,15,14,9,NA,NA,12.6666666666667,2.25
"364","JG","KP18Sp4",2018,"Salix pulchra","Kluane",2022-08-12,8,12,2022,24.5,45,28,11,20,190,180,35,41,37,NA,130,37.6666666666667,36.5
"365","JG","KP18Sp2",2018,"Salix pulchra","Kluane",2022-08-12,8,12,2022,67,60,62,50,495,410,39,51,26,31,NA,314.666666666667,36,61
"366","JG","KP18Sp1",2018,"Salix pulchra","Kluane",2022-08-12,8,12,2022,27,46,41,31,160,31,100,40,28,39,NA,97,35.6666666666667,43.5
"367","JG","H18Sp16",2018,"Salix pulchra","Qikiqtaruk",2022-08-12,8,12,2022,9.5,7,4.5,10,NA,NA,NA,24,12,13,"All leaves almost dead",NA,16.3333333333333,5.75
"368","MG","KLSpE11",2013,"Salix pulchra","Kluane",2022-08-12,8,12,2022,NA,NA,NA,NA,NA,NA,NA,NA,NA,NA,NA,NA,NA,NA
"369","MG","KLSpE12",2013,"Salix pulchra","Kluane",2022-08-12,8,12,2022,38,97,60,45,260,130,22,30,31,30,NA,137.333333333333,30.3333333333333,78.5
"370","MG","HESp17",2013,"Salix pulchra","Qikiqtaruk",2022-08-12,8,12,2022,NA,NA,NA,8,NA,NA,NA,NA,NA,NA,"Only two yellow leaves left",NA,NA,NA
"371","IR","KLSrC10",2013,"Salix richardsonii","Kluane",2022-08-12,8,12,2022,105,164,144,88,110,50,60,45,34,43,NA,73.3333333333333,40.6666666666667,154
"372","IR","KLSrE14",2013,"Salix richardsonii","Kluane",2022-08-12,8,12,2022,43,95,48,29,49,32,37,38,35,48,NA,39.3333333333333,40.3333333333333,71.5
"373","IR","KLSrE15",2013,"Salix richardsonii","Kluane",2022-08-12,8,12,2022,80,157,93,45,170,150,120,43,42,43,NA,146.666666666667,42.6666666666667,125
"374","SAB","HE16Sa14",2016,"Salix arctica","Qikiqtaruk",2022-08-12,8,12,2022,4,20,19,15,13,15,13,20,19,29,NA,13.6666666666667,22.6666666666667,19.5
"375","SAB","H17Sa15",2017,"Salix arctica","Qikiqtaruk",2022-08-12,8,12,2022,6,16,18,10,35,17,25,36,28,32,NA,25.6666666666667,32,17
"376","SAB","KP17Sa6",2017,"Salix arctica","Kluane",2022-08-12,8,12,2022,6.5,18,22,12,11,6,15,35,36,45,NA,10.6666666666667,38.6666666666667,20
"377","SAB","HE16Sa6",2016,"Salix arctica","Qikiqtaruk",2022-08-12,8,12,2022,2.5,7.5,8.5,5,9,4,2,23,25,15,NA,5,21,8
"378","SAB","HE16Sa7",2016,"Salix arctica","Qikiqtaruk",2022-08-12,8,12,2022,2.5,21.5,20,12,19,20,10,23,25,35,NA,16.3333333333333,27.6666666666667,20.75
"379","SAB","H18Sa8",2018,"Salix arctica","Qikiqtaruk",2022-08-12,8,12,2022,5,14.5,14,13,29,16,11,33,29,21,NA,18.6666666666667,27.6666666666667,14.25
"380","AC","H15Sr29",2015,"Salix richardsonii","Qikiqtaruk",2022-08-12,8,12,2022,NA,NA,NA,NA,NA,NA,NA,NA,NA,NA,NA,NA,NA,NA
"381","AC","HESr23",2013,"Salix richardsonii","Qikiqtaruk",2022-08-12,8,12,2022,8,10.5,9.5,6,57,47,20,19,17,23,NA,41.3333333333333,19.6666666666667,10
"382","AC","KLSrC13",2013,"Salix richardsonii","Kluane",2022-08-12,8,12,2022,83,140,149,96,102,100,104,69,51,59,NA,102,59.6666666666667,144.5
"383","AB","H15Sp25",2015,"Salix pulchra","Qikiqtaruk",2022-08-12,8,12,2022,9.5,11,15,12,19,10,9,20,21,21,NA,12.6666666666667,20.6666666666667,13
"384","AB","PC16CESp7",2016,"Salix pulchra","Kluane",2022-08-12,8,12,2022,33,77,69,27,75,106,65,53,40,43,NA,82,45.3333333333333,73
"385","AB","H15Sp27",2015,"Salix pulchra","Qikiqtaruk",2022-08-12,8,12,2022,7,19,20,15,17,13,12,15,18,20,NA,14,17.6666666666667,19.5
"386","AB","HESp29",2013,"Salix pulchra","Qikiqtaruk",2022-08-12,8,12,2022,9,20,16,15,30,12,14,27,19,23,NA,18.6666666666667,23,18
"387","AB","H17Sp18",2017,"Salix pulchra","Qikiqtaruk",2022-08-12,8,12,2022,NA,NA,NA,NA,NA,NA,NA,NA,NA,NA,NA,NA,NA,NA
"388","AB","H17Sp13",2017,"Salix pulchra","Qikiqtaruk",2022-08-12,8,12,2022,13,11,10.5,8,33,9,17,17,20,15,NA,19.6666666666667,17.3333333333333,10.75
"389","AB","H17Sp10",2017,"Salix pulchra","Qikiqtaruk",2022-08-12,8,12,2022,8,11,14,9,21,12,20,19,20,18,NA,17.6666666666667,19,12.5
"390","JB","H15Sa12",2015,"Salix arctica","Qikiqtaruk",2022-08-12,8,12,2022,4.5,19.5,17,12,41,19,11,42,35,22,NA,23.6666666666667,33,18.25
"391","JB","K15PSa9",2015,"Salix arctica","Kluane",2022-08-12,8,12,2022,10.5,36,36,15,24,17,15,91,64,53,NA,18.6666666666667,69.3333333333333,36
"392","JB","H17Sa20",2017,"Salix arctica","Qikiqtaruk",2022-08-12,8,12,2022,4,38,39,12,48,64,25,65,41,40,NA,45.6666666666667,48.6666666666667,38.5
"393","JB","H15Sa7",2015,"Salix arctica","Qikiqtaruk",2022-08-12,8,12,2022,5,20,13,9,30,11,6,21,17,24,NA,15.6666666666667,20.6666666666667,16.5
"394","JB","H15Sa10",2015,"Salix arctica","Qikiqtaruk",2022-08-12,8,12,2022,3.5,34,35,15,23,45,25,41,36,27,NA,31,34.6666666666667,34.5
"395","JB","K15PSa15",2015,"Salix arctica","Kluane",2022-08-12,8,12,2022,5.5,18.5,21,12,12,10,15,50,41,35,NA,12.3333333333333,42,19.75
"396","JB","K15PSa12",2015,"Salix arctica","Kluane",2022-08-12,8,12,2022,5,19,17,10,43,19,18,31,37,22,NA,26.6666666666667,30,18
"397","EW","KP16Sr60",2016,"Salix richardsonii","Kluane",2022-08-12,8,12,2022,55,43,35,21,109,90,110,42,46,49,NA,103,45.6666666666667,39
"398","EW","KP16Sr58",2016,"Salix richardsonii","Kluane",2022-08-12,8,12,2022,43,54,75,30,202,203,106,35,38,26,NA,170.333333333333,33,64.5
"399","EW","KP16Sr57",2016,"Salix richardsonii","Kluane",2022-08-12,8,12,2022,76,73,78,28,206,301,309,50,45,44,NA,272,46.3333333333333,75.5
"400","EW","H17Sr37",2017,"Salix richardsonii","Qikiqtaruk",2022-08-12,8,12,2022,6,13,11,9,9,8,33,24,25,23,NA,16.6666666666667,24,12
"401","EW","KP18Sa8",2018,"Salix richardsonii","Kluane",2022-08-12,8,12,2022,9.5,23,16,5,30,70,27,19,16,19,NA,42.3333333333333,18,19.5
"402","EW","H18Sr27",2018,"Salix richardsonii","Qikiqtaruk",2022-08-12,8,12,2022,17.5,19,16,10,43,35,46,30,28,33,NA,41.3333333333333,30.3333333333333,17.5
"403","IMS","KLSpE2",2013,"Salix pulchra","Kluane",2022-06-27,6,27,2022,36.5,120.4,63,35,61,89,34,30,39,38,NA,61.3333333333333,35.6666666666667,91.7
"404","IMS","KLSpE3",2013,"Salix pulchra","Kluane",2022-06-27,6,27,2022,13.5,9,7.5,11,13,10,11,24,29,28,NA,11.3333333333333,27,8.25
"405","IMS","KLSpE4",2013,"Salix pulchra","Kluane",2022-06-27,6,27,2022,49.5,93,74,52,14,20,15,34,37,32,NA,16.3333333333333,34.3333333333333,83.5
"406","LB","KP16Sr41",2016,"Salix richardsonii","Kluane",2022-06-27,6,27,2022,28,29.5,22,11,102,43,84,36,38,39,NA,76.3333333333333,37.6666666666667,25.75
"407","LB","KLSrE4",2013,"Salix richardsonii","Kluane",2022-06-27,6,27,2022,113,227,182,84,90,48,144,50,52,50,NA,94,50.6666666666667,204.5
"408","LB","KP17Sr2",2017,"Salix richardsonii","Kluane",2022-06-27,6,27,2022,29,29.5,15.5,24,44,48,64,37,42,40,NA,52,39.6666666666667,22.5
"409","LB","H17Sr4",2017,"Salix richardsonii","Qikiqtaruk",2022-06-27,6,27,2022,6.5,14.5,7,13,6,8,5,20,26,28,NA,6.33333333333333,24.6666666666667,10.75
"410","SL","PC17Sp1",2017,"Salix pulchra","Kluane",2022-06-27,6,27,2022,13,28.5,27,45,170,83,76,51,48,36,NA,109.666666666667,45,27.75
"411","SL","KP17Sp5",2017,"Salix pulchra","Kluane",2022-06-27,6,27,2022,34,51,29.5,14,19,39,75,41,28,57,NA,44.3333333333333,42,40.25
"412","SL","H18Sp15",2018,"Salix pulchra","Qikiqtaruk",2022-06-27,6,27,2022,9.8,8,7.5,9,NA,NA,NA,22,17,22,"no stem elongation 27th june",NA,20.3333333333333,7.75
"413","GD","KP16Sr37",2016,"Salix richardsonii","Kluane",2022-06-27,6,27,2022,79,58,45,31,116,19,76,48,38,43,"Bottom yellow leaves. Slight herbivory and spider webs",70.3333333333333,43,51.5
"414","GD","H17Sr9",2017,"Salix richardsonii","Qikiqtaruk",2022-06-27,6,27,2022,18,35,19,17,24,24,19,30,31,29,NA,22.3333333333333,30,27
"415","GD","H18Sr8",2018,"Salix richardsonii","Qikiqtaruk",2022-06-27,6,27,2022,5.5,12,8.5,13,4,4,3,24,21,16,"Leaves beginning to dry/crinkle",3.66666666666667,20.3333333333333,10.25
"416","SW","H15Sr19",2015,"Salix richardsonii","Qikiqtaruk",2022-06-27,6,27,2022,8.8,16,14,10,14,11,14,21,16,15,NA,13,17.3333333333333,15
"417","SW","H15Sr20",2015,"Salix richardsonii","Qikiqtaruk",2022-06-27,6,27,2022,6.5,9,3.5,12,10,4,5,20,23,23,"Beautiful <3",6.33333333333333,22,6.25
"418","SW","HESr8",2013,"Salix richardsonii","Qikiqtaruk",2022-06-27,6,27,2022,14.5,26,18.5,22,32,31,15,31,33,24,"Some yellowing leaves",26,29.3333333333333,22.25
"419","SW","KLSrE6",2013,"Salix richardsonii","Kluane",2022-06-27,6,27,2022,83,112,99,42,67,37,33,42,46,36,NA,45.6666666666667,41.3333333333333,105.5
"420","CF","H15Sp15",2015,"Salix pulchra","Qikiqtaruk",2022-06-27,6,27,2022,13,26,19,11,19,20,25,25,23,20,"leaves a bit dry",21.3333333333333,22.6666666666667,22.5
"421","CF","KLSpE8",2013,"Salix pulchra","Kluane",2022-06-27,6,27,2022,38.5,96,21,58,49,75,26,36,42,36,"One dead branch",50,38,58.5
"422","CF","H17SP9",2017,"Salix pulchra","Qikiqtaruk",2022-06-27,6,27,2022,17,17,13,11,30,19,17,27,22,19,NA,22,22.6666666666667,15
"423","JA","K17Sa5",2017,"Salix arctica","Kluane",2022-06-27,6,27,2022,3.5,7.5,7,9,2,1,3,30,26,18,NA,2,24.6666666666667,7.25
"424","JA","KP17Sa4",2017,"Salix arctica","Kluane",2022-06-27,6,27,2022,3.5,8.5,5.5,11,5,2,NA,22,21,19,"Mild herbivorry",NA,20.6666666666667,7
"425","JA","PC16CESa2",2016,"Salix arctica","Kluane",2022-06-27,6,27,2022,NA,NA,NA,NA,NA,NA,NA,NA,NA,NA,NA,NA,NA,NA
"426","JA","H17Sa9",2017,"Salix arctica","Qikiqtaruk",2022-06-27,6,27,2022,NA,NA,NA,NA,NA,NA,NA,NA,NA,NA,NA,NA,NA,NA
"427","JA","PC17Sa7",2017,"Salix arctica","Kluane",2022-06-27,6,27,2022,NA,NA,NA,NA,NA,NA,NA,NA,NA,NA,NA,NA,NA,NA
"428","JA","KP18Sa4",2018,"Salix arctica","Kluane",2022-06-27,6,27,2022,4.5,13.5,9,8,14,4,12,34,39,28,NA,10,33.6666666666667,11.25
"429","JG","HE16Sp17",2016,"Salix pulchra","Qikiqtaruk",2022-06-27,6,27,2022,6.5,13,9,10,15,14,23,24,21,16,NA,17.3333333333333,20.3333333333333,11
"430","JG","H18Sp18",2018,"Salix pulchra","Qikiqtaruk",2022-06-27,6,27,2022,5.5,3.5,3,4,5,4,NA,14,16,13,"Tiny boi",NA,14.3333333333333,3.25
"431","JG","KP18Sp4",2018,"Salix pulchra","Kluane",2022-06-27,6,27,2022,23.5,25,13.5,10,26,46,24,46,43,25,"tiny signs of herbivory at the top",32,38,19.25
"432","JG","KP18Sp2",2018,"Salix pulchra","Kluane",2022-06-27,6,27,2022,37,46,34,13,23,25,155,42,32,54,NA,67.6666666666667,42.6666666666667,40
"433","JG","KP18Sp1",2018,"Salix pulchra","Kluane",2022-06-27,6,27,2022,27,39,18,12,12,14,55,42,44,32,"Beautiful ~",27,39.3333333333333,28.5
"434","JG","H18Sp16",2018,"Salix pulchra","Qikiqtaruk",2022-06-27,6,27,2022,12,6.5,5,7,2,6,6,24,33,26,"Yellowish leaves",4.66666666666667,27.6666666666667,5.75
"435","MG","KLSpE11",2013,"Salix pulchra","Kluane",2022-06-27,6,27,2022,NA,NA,NA,NA,NA,NA,NA,NA,NA,NA,NA,NA,NA,NA
"436","MG","KLSpE12",2013,"Salix pulchra","Kluane",2022-06-27,6,27,2022,41.5,94,43.7,22,87,15,24,26,32,35,"One branch with few leaves",42,31,68.85
"437","MG","HESp17",2013,"Salix pulchra","Qikiqtaruk",2022-06-27,6,27,2022,8.4,7.8,5.9,8,3,2,2,17,16,12,NA,2.33333333333333,15,6.85
"438","IR","KLSrC10",2013,"Salix richardsonii","Kluane",2022-06-27,6,27,2022,105.5,159.5,123.5,82,33,76,37,54,46,35,NA,48.6666666666667,45,141.5
"439","IR","KLSrE14",2013,"Salix richardsonii","Kluane",2022-06-27,6,27,2022,39,99.2,58.3,32,22,27,15,53,35,45,"Not many leaves at base",21.3333333333333,44.3333333333333,78.75
"440","IR","KLSrE15",2013,"Salix richardsonii","Kluane",2022-06-27,6,27,2022,82.5,127.5,124,45,152,61,86,44,52,62,"Few dry branches with yellowing leaves",99.6666666666667,52.6666666666667,125.75
"441","SAB","HE16Sa14",2016,"Salix arctica","Qikiqtaruk",2022-06-27,6,27,2022,5.7,21.2,17.3,12,18,16,24,17,25,27,"Mild herbivory",19.3333333333333,23,19.25
"442","SAB","H17Sa15",2017,"Salix arctica","Qikiqtaruk",2022-06-27,6,27,2022,8.1,18.2,13.5,12,14,41,32,44,33,22,"Some yellowing leaves at base, some herbivory",29,33,15.85
"443","SAB","KP17Sa6",2017,"Salix arctica","Kluane",2022-06-27,6,27,2022,NA,NA,NA,NA,NA,NA,NA,NA,NA,NA,NA,NA,NA,NA
"444","SAB","HE16Sa6",2016,"Salix arctica","Qikiqtaruk",2022-06-27,6,27,2022,NA,NA,NA,NA,NA,NA,NA,NA,NA,NA,NA,NA,NA,NA
"445","SAB","HE16Sa7",2016,"Salix arctica","Qikiqtaruk",2022-06-27,6,27,2022,NA,NA,NA,NA,NA,NA,NA,NA,NA,NA,NA,NA,NA,NA
"446","SAB","H18Sa8",2018,"Salix arctica","Qikiqtaruk",2022-06-27,6,27,2022,5.1,14.2,14,12,21,32,25,32,31,21,"Mild herbivory",26,28,14.1
"447","AC","H15Sr29",2015,"Salix richardsonii","Qikiqtaruk",2022-06-27,6,27,2022,6.5,9,6,5,10,6,8,24,19,20,"Healthy",8,21,7.5
"448","AC","HESr23",2013,"Salix richardsonii","Qikiqtaruk",2022-06-27,6,27,2022,8.5,12,8.5,6,18,12,6,25,20,22,NA,12,22.3333333333333,10.25
"449","AC","KLSrC13",2013,"Salix richardsonii","Kluane",2022-06-27,6,27,2022,82.5,138,135,91,112,68,121,68,73,55,NA,100.333333333333,65.3333333333333,136.5
"450","AB","H15Sp25",2015,"Salix pulchra","Qikiqtaruk",2022-06-27,6,27,2022,8,15,10,15,NA,NA,NA,26,22,19,"no stem elongation 27th june",NA,22.3333333333333,12.5
"451","AB","PC16CESp7",2016,"Salix pulchra","Kluane",2022-06-27,6,27,2022,28,53,39,22,51,86,83,50,36,46,NA,73.3333333333333,44,46
"452","AB","H15Sp27",2015,"Salix pulchra","Qikiqtaruk",2022-06-27,6,27,2022,7.5,19,17,15,5,5,4,21,19,20,NA,4.66666666666667,20,18
"453","AB","HESp29",2013,"Salix pulchra","Qikiqtaruk",2022-06-27,6,27,2022,13,24,20,16,3,NA,NA,31,32,48,NA,NA,37,22
"454","AB","H17Sp18",2017,"Salix pulchra","Qikiqtaruk",2022-06-27,6,27,2022,5.5,10.5,7,8,11,4,5,20,27,17,NA,6.66666666666667,21.3333333333333,8.75
"455","AB","H17Sp13",2017,"Salix pulchra","Qikiqtaruk",2022-06-27,6,27,2022,20,12,12,9,NA,NA,NA,21,19,17,NA,NA,19,12
"456","AB","H17Sp10",2017,"Salix pulchra","Qikiqtaruk",2022-06-27,6,27,2022,8,13,12,10,11,8,7,21,11,17,NA,8.66666666666667,16.3333333333333,12.5
"457","JB","H15Sa12",2015,"Salix arctica","Qikiqtaruk",2022-06-27,6,27,2022,6.5,23,18,21,21,15,12,27,46,28,NA,16,33.6666666666667,20.5
"458","JB","K15PSa9",2015,"Salix arctica","Kluane",2022-06-27,6,27,2022,9,36,35,24,27,19,26,76,57,54,NA,24,62.3333333333333,35.5
"459","JB","H17Sa20",2017,"Salix arctica","Qikiqtaruk",2022-06-27,6,27,2022,8,32,29,12,NA,NA,NA,54,33,69,NA,NA,52,30.5
"460","JB","H15Sa7",2015,"Salix arctica","Qikiqtaruk",2022-06-27,6,27,2022,NA,NA,NA,NA,NA,NA,NA,NA,NA,NA,NA,NA,NA,NA
"461","JB","H15Sa10",2015,"Salix arctica","Qikiqtaruk",2022-06-27,6,27,2022,NA,NA,NA,NA,NA,NA,NA,NA,NA,NA,NA,NA,NA,NA
"462","JB","K15PSa15",2015,"Salix arctica","Kluane",2022-06-27,6,27,2022,NA,NA,NA,NA,NA,NA,NA,NA,NA,NA,NA,NA,NA,NA
"463","JB","K15PSa12",2015,"Salix arctica","Kluane",2022-06-27,6,27,2022,NA,NA,NA,NA,NA,NA,NA,NA,NA,NA,NA,NA,NA,NA
"464","EW","KP16Sr60",2016,"Salix richardsonii","Kluane",2022-06-27,6,27,2022,48.3,39.2,32.7,22,112,92,58,51,52,45,"Fully grown catkin",87.3333333333333,49.3333333333333,35.95
"465","EW","KP16Sr58",2016,"Salix richardsonii","Kluane",2022-06-27,6,27,2022,42.7,67.5,46.5,27,67,103,222,39,37,45,NA,130.666666666667,40.3333333333333,57
"466","EW","KP16Sr57",2016,"Salix richardsonii","Kluane",2022-06-27,6,27,2022,72.7,64.4,60.7,40,100,205,117,47,49,42,"Mild herb and spiderwebs",140.666666666667,46,62.55
"467","EW","H17Sr37",2017,"Salix richardsonii","Qikiqtaruk",2022-06-27,6,27,2022,6.7,11.6,9.5,10,13,8,5,21,17,20,NA,8.66666666666667,19.3333333333333,10.55
"468","EW","KP18Sa8",2018,"Salix richardsonii","Kluane",2022-06-27,6,27,2022,11.7,22.3,16.5,10,17,19,10,21,23,21,NA,15.3333333333333,21.6666666666667,19.4
"469","EW","H18Sr27",2018,"Salix richardsonii","Qikiqtaruk",2022-06-27,6,27,2022,19,16.8,9.7,8,23,25,22,31,28,28,"Curled up leaves",23.3333333333333,29,13.25
